ParticipantID,Trial,AOI,ImageType,Duration_ms
P1,Trial1,Pupil,AI,650
P1,Trial1,Pupil,Real,350
P1,Trial1,Skin,AI,0
P1,Trial1,Skin,Real,0
P1,Trial1,Total,AI,1783
P1,Trial1,Total,Real,1033
P1,Trial2,Hair,AI,454
P1,Trial2,Hair,Real,754
P1,Trial2,Outfit,AI,0
P1,Trial2,Outfit,Real,142
P1,Trial2,Total,AI,454
P1,Trial2,Total,Real,896
P1,Trial3,Mountain,AI,0
P1,Trial3,Mountain,Real,0
P1,Trial3,River,AI,383
P1,Trial3,River,Real,275
P1,Trial3,Total,AI,558
P1,Trial3,Total,Real,275
P1,Trial4,Topping1,AI,613
P1,Trial4,Topping1,Real,342
P1,Trial4,Topping2,AI,0
P1,Trial4,Topping2,Real,0
P1,Trial4,Total,AI,613
P1,Trial4,Total,Real,342
P1,Trial5,Cloud,AI,1117
P1,Trial5,Cloud,Real,1088
P1,Trial5,Total,AI,1900
P1,Trial5,Total,Real,1525
P1,Trial5,Water,AI,783
P1,Trial5,Water,Real,438
P1,Trial6,Leaves,AI,650
P1,Trial6,Leaves,Real,267
P1,Trial6,Seed,AI,846
P1,Trial6,Seed,Real,863
P1,Trial6,Total,AI,2596
P1,Trial6,Total,Real,1129
P2,Trial1,Pupil,AI,183
P2,Trial1,Pupil,Real,0
P2,Trial1,Skin,AI,4792
P2,Trial1,Skin,Real,775
P2,Trial1,Total,AI,9059
P2,Trial1,Total,Real,1575
P2,Trial2,Hair,AI,383
P2,Trial2,Hair,Real,633
P2,Trial2,Outfit,AI,0
P2,Trial2,Outfit,Real,0
P2,Trial2,Total,AI,667
P2,Trial2,Total,Real,1292
P2,Trial3,Mountain,AI,800
P2,Trial3,Mountain,Real,425
P2,Trial3,River,AI,1606
P2,Trial3,River,Real,900
P2,Trial3,Total,AI,2406
P2,Trial3,Total,Real,2092
P2,Trial4,Topping1,AI,2100
P2,Trial4,Topping1,Real,1625
P2,Trial4,Topping2,AI,0
P2,Trial4,Topping2,Real,1025
P2,Trial4,Total,AI,3158
P2,Trial4,Total,Real,2208
P2,Trial5,Cloud,AI,5475
P2,Trial5,Cloud,Real,2258
P2,Trial5,Total,AI,6767
P2,Trial5,Total,Real,3638
P2,Trial5,Water,AI,1292
P2,Trial5,Water,Real,1379
P2,Trial6,Leaves,AI,2792
P2,Trial6,Leaves,Real,2083
P2,Trial6,Seed,AI,933
P2,Trial6,Seed,Real,1408
P2,Trial6,Total,AI,4833
P2,Trial6,Total,Real,4779
P3,Trial1,Pupil,AI,767
P3,Trial1,Pupil,Real,525
P3,Trial1,Skin,AI,150
P3,Trial1,Skin,Real,0
P3,Trial1,Total,AI,1608
P3,Trial1,Total,Real,1517
P3,Trial2,Hair,AI,1158
P3,Trial2,Hair,Real,1600
P3,Trial2,Outfit,AI,0
P3,Trial2,Outfit,Real,0
P3,Trial2,Total,AI,1617
P3,Trial2,Total,Real,2117
P3,Trial3,Mountain,AI,375
P3,Trial3,Mountain,Real,1200
P3,Trial3,River,AI,633
P3,Trial3,River,Real,400
P3,Trial3,Total,AI,3792
P3,Trial3,Total,Real,3375
P3,Trial4,Topping1,AI,1175
P3,Trial4,Topping1,Real,1654
P3,Trial4,Topping2,AI,1875
P3,Trial4,Topping2,Real,1283
P3,Trial4,Total,AI,4142
P3,Trial4,Total,Real,3438
P3,Trial5,Cloud,AI,3879
P3,Trial5,Cloud,Real,2958
P3,Trial5,Total,AI,5413
P3,Trial5,Total,Real,3917
P3,Trial5,Water,AI,1533
P3,Trial5,Water,Real,958
P3,Trial6,Leaves,AI,1650
P3,Trial6,Leaves,Real,1050
P3,Trial6,Seed,AI,3083
P3,Trial6,Seed,Real,1558
P3,Trial6,Total,AI,5967
P3,Trial6,Total,Real,3742
P4,Trial1,Pupil,AI,692
P4,Trial1,Pupil,Real,400
P4,Trial1,Skin,AI,183
P4,Trial1,Skin,Real,0
P4,Trial1,Total,AI,1717
P4,Trial1,Total,Real,1171
P4,Trial2,Hair,AI,142
P4,Trial2,Hair,Real,208
P4,Trial2,Outfit,AI,0
P4,Trial2,Outfit,Real,0
P4,Trial2,Total,AI,279
P4,Trial2,Total,Real,208
P4,Trial3,Mountain,AI,208
P4,Trial3,Mountain,Real,483
P4,Trial3,River,AI,475
P4,Trial3,River,Real,283
P4,Trial3,Total,AI,1017
P4,Trial3,Total,Real,875
P4,Trial4,Topping1,AI,958
P4,Trial4,Topping1,Real,583
P4,Trial4,Topping2,AI,0
P4,Trial4,Topping2,Real,83
P4,Trial4,Total,AI,958
P4,Trial4,Total,Real,583
P4,Trial5,Cloud,AI,867
P4,Trial5,Cloud,Real,650
P4,Trial5,Total,AI,867
P4,Trial5,Total,Real,1117
P4,Trial5,Water,AI,0
P4,Trial5,Water,Real,467
P4,Trial6,Leaves,AI,1275
P4,Trial6,Leaves,Real,592
P4,Trial6,Seed,AI,1108
P4,Trial6,Seed,Real,2771
P4,Trial6,Total,AI,2808
P4,Trial6,Total,Real,3863
P5,Trial1,Pupil,AI,150
P5,Trial1,Pupil,Real,0
P5,Trial1,Skin,AI,0
P5,Trial1,Skin,Real,0
P5,Trial1,Total,AI,2875
P5,Trial1,Total,Real,825
P5,Trial2,Hair,AI,233
P5,Trial2,Hair,Real,517
P5,Trial2,Outfit,AI,0
P5,Trial2,Outfit,Real,0
P5,Trial2,Total,AI,233
P5,Trial2,Total,Real,517
P5,Trial3,Mountain,AI,83
P5,Trial3,Mountain,Real,0
P5,Trial3,River,AI,0
P5,Trial3,River,Real,0
P5,Trial3,Total,AI,483
P5,Trial3,Total,Real,317
P5,Trial4,Topping1,AI,663
P5,Trial4,Topping1,Real,358
P5,Trial4,Topping2,AI,100
P5,Trial4,Topping2,Real,817
P5,Trial4,Total,AI,1004
P5,Trial4,Total,Real,817
P5,Trial5,Cloud,AI,233
P5,Trial5,Cloud,Real,267
P5,Trial5,Total,AI,442
P5,Trial5,Total,Real,267
P5,Trial5,Water,AI,208
P5,Trial5,Water,Real,0
P5,Trial6,Leaves,AI,1375
P5,Trial6,Leaves,Real,504
P5,Trial6,Seed,AI,1275
P5,Trial6,Seed,Real,1725
P5,Trial6,Total,AI,3425
P5,Trial6,Total,Real,2763
P6,Trial1,Pupil,AI,425
P6,Trial1,Pupil,Real,408
P6,Trial1,Skin,AI,838
P6,Trial1,Skin,Real,0
P6,Trial1,Total,AI,4413
P6,Trial1,Total,Real,1350
P6,Trial2,Hair,AI,1575
P6,Trial2,Hair,Real,2642
P6,Trial2,Outfit,AI,679
P6,Trial2,Outfit,Real,342
P6,Trial2,Total,AI,3600
P6,Trial2,Total,Real,5058
P6,Trial3,Mountain,AI,1463
P6,Trial3,Mountain,Real,1100
P6,Trial3,River,AI,1783
P6,Trial3,River,Real,867
P6,Trial3,Total,AI,4838
P6,Trial3,Total,Real,2383
P6,Trial4,Topping1,AI,817
P6,Trial4,Topping1,Real,2171
P6,Trial4,Topping2,AI,1375
P6,Trial4,Topping2,Real,1400
P6,Trial4,Total,AI,4175
P6,Trial4,Total,Real,5746
P6,Trial5,Cloud,AI,1942
P6,Trial5,Cloud,Real,2000
P6,Trial5,Total,AI,6071
P6,Trial5,Total,Real,2833
P6,Trial5,Water,AI,4288
P6,Trial5,Water,Real,833
P6,Trial6,Leaves,AI,783
P6,Trial6,Leaves,Real,0
P6,Trial6,Seed,AI,492
P6,Trial6,Seed,Real,538
P6,Trial6,Total,AI,2054
P6,Trial6,Total,Real,538
P7,Trial1,Pupil,AI,775
P7,Trial1,Pupil,Real,275
P7,Trial1,Skin,AI,208
P7,Trial1,Skin,Real,150
P7,Trial1,Total,AI,2358
P7,Trial1,Total,Real,1617
P7,Trial2,Hair,AI,2775
P7,Trial2,Hair,Real,2254
P7,Trial2,Outfit,AI,0
P7,Trial2,Outfit,Real,292
P7,Trial2,Total,AI,2888
P7,Trial2,Total,Real,3329
P7,Trial3,Mountain,AI,275
P7,Trial3,Mountain,Real,200
P7,Trial3,River,AI,550
P7,Trial3,River,Real,0
P7,Trial3,Total,AI,1392
P7,Trial3,Total,Real,333
P7,Trial4,Topping1,AI,1767
P7,Trial4,Topping1,Real,1979
P7,Trial4,Topping2,AI,275
P7,Trial4,Topping2,Real,1175
P7,Trial4,Total,AI,2663
P7,Trial4,Total,Real,3379
P7,Trial5,Cloud,AI,1783
P7,Trial5,Cloud,Real,2175
P7,Trial5,Total,AI,3608
P7,Trial5,Total,Real,3663
P7,Trial5,Water,AI,1825
P7,Trial5,Water,Real,1488
P7,Trial6,Leaves,AI,567
P7,Trial6,Leaves,Real,1017
P7,Trial6,Seed,AI,2229
P7,Trial6,Seed,Real,1783
P7,Trial6,Total,AI,4513
P7,Trial6,Total,Real,2983
P8,Trial1,Pupil,AI,150
P8,Trial1,Pupil,Real,267
P8,Trial1,Skin,AI,983
P8,Trial1,Skin,Real,313
P8,Trial1,Total,AI,2796
P8,Trial1,Total,Real,2371
P8,Trial2,Hair,AI,1308
P8,Trial2,Hair,Real,542
P8,Trial2,Outfit,AI,442
P8,Trial2,Outfit,Real,617
P8,Trial2,Total,AI,2300
P8,Trial2,Total,Real,2267
P8,Trial3,Mountain,AI,192
P8,Trial3,Mountain,Real,658
P8,Trial3,River,AI,2367
P8,Trial3,River,Real,613
P8,Trial3,Total,AI,4100
P8,Trial3,Total,Real,3208
P8,Trial4,Topping1,AI,1383
P8,Trial4,Topping1,Real,2933
P8,Trial4,Topping2,AI,775
P8,Trial4,Topping2,Real,767
P8,Trial4,Total,AI,3917
P8,Trial4,Total,Real,4092
P8,Trial5,Cloud,AI,283
P8,Trial5,Cloud,Real,450
P8,Trial5,Total,AI,2821
P8,Trial5,Total,Real,2763
P8,Trial5,Water,AI,2538
P8,Trial5,Water,Real,2313
P8,Trial6,Leaves,AI,5950
P8,Trial6,Leaves,Real,4975
P8,Trial6,Seed,AI,3842
P8,Trial6,Seed,Real,2233
P8,Trial6,Total,AI,11325
P8,Trial6,Total,Real,8596
P9,Trial1,Pupil,AI,975
P9,Trial1,Pupil,Real,208
P9,Trial1,Skin,AI,0
P9,Trial1,Skin,Real,0
P9,Trial1,Total,AI,1683
P9,Trial1,Total,Real,1225
P9,Trial2,Hair,AI,4533
P9,Trial2,Hair,Real,4754
P9,Trial2,Outfit,AI,833
P9,Trial2,Outfit,Real,658
P9,Trial2,Total,AI,6500
P9,Trial2,Total,Real,5946
P9,Trial3,Mountain,AI,692
P9,Trial3,Mountain,Real,383
P9,Trial3,River,AI,1233
P9,Trial3,River,Real,433
P9,Trial3,Total,AI,2654
P9,Trial3,Total,Real,871
P9,Trial4,Topping1,AI,1033
P9,Trial4,Topping1,Real,2283
P9,Trial4,Topping2,AI,1125
P9,Trial4,Topping2,Real,1146
P9,Trial4,Total,AI,2667
P9,Trial4,Total,Real,4521
P9,Trial5,Cloud,AI,1500
P9,Trial5,Cloud,Real,1288
P9,Trial5,Total,AI,4283
P9,Trial5,Total,Real,3188
P9,Trial5,Water,AI,2500
P9,Trial5,Water,Real,1542
P9,Trial6,Leaves,AI,1792
P9,Trial6,Leaves,Real,1167
P9,Trial6,Seed,AI,2850
P9,Trial6,Seed,Real,1275
P9,Trial6,Total,AI,5400
P9,Trial6,Total,Real,2692
P10,Trial1,Pupil,AI,508
P10,Trial1,Pupil,Real,883
P10,Trial1,Skin,AI,746
P10,Trial1,Skin,Real,292
P10,Trial1,Total,AI,2463
P10,Trial1,Total,Real,2400
P10,Trial2,Hair,AI,992
P10,Trial2,Hair,Real,708
P10,Trial2,Outfit,AI,0
P10,Trial2,Outfit,Real,79
P10,Trial2,Total,AI,992
P10,Trial2,Total,Real,1538
P10,Trial3,Mountain,AI,0
P10,Trial3,Mountain,Real,100
P10,Trial3,River,AI,592
P10,Trial3,River,Real,442
P10,Trial3,Total,AI,1167
P10,Trial3,Total,Real,967
P10,Trial4,Topping1,AI,3033
P10,Trial4,Topping1,Real,2125
P10,Trial4,Topping2,AI,1808
P10,Trial4,Topping2,Real,1458
P10,Trial4,Total,AI,5775
P10,Trial4,Total,Real,3192
P10,Trial5,Cloud,AI,1358
P10,Trial5,Cloud,Real,517
P10,Trial5,Total,AI,3317
P10,Trial5,Total,Real,2838
P10,Trial5,Water,AI,1958
P10,Trial5,Water,Real,2321
P10,Trial6,Leaves,AI,725
P10,Trial6,Leaves,Real,767
P10,Trial6,Seed,AI,675
P10,Trial6,Seed,Real,708
P10,Trial6,Total,AI,1775
P10,Trial6,Total,Real,1475
P11,Trial1,Pupil,AI,1108
P11,Trial1,Pupil,Real,1600
P11,Trial1,Skin,AI,333
P11,Trial1,Skin,Real,367
P11,Trial1,Total,AI,3479
P11,Trial1,Total,Real,3329
P11,Trial2,Hair,AI,1263
P11,Trial2,Hair,Real,1642
P11,Trial2,Outfit,AI,0
P11,Trial2,Outfit,Real,58
P11,Trial2,Total,AI,1996
P11,Trial2,Total,Real,2508
P11,Trial3,Mountain,AI,0
P11,Trial3,Mountain,Real,83
P11,Trial3,River,AI,146
P11,Trial3,River,Real,192
P11,Trial3,Total,AI,1046
P11,Trial3,Total,Real,275
P11,Trial4,Topping1,AI,1558
P11,Trial4,Topping1,Real,1025
P11,Trial4,Topping2,AI,850
P11,Trial4,Topping2,Real,775
P11,Trial4,Total,AI,2700
P11,Trial4,Total,Real,1800
P11,Trial5,Cloud,AI,2279
P11,Trial5,Cloud,Real,1767
P11,Trial5,Total,AI,4108
P11,Trial5,Total,Real,2717
P11,Trial5,Water,AI,1742
P11,Trial5,Water,Real,950
P11,Trial6,Leaves,AI,433
P11,Trial6,Leaves,Real,158
P11,Trial6,Seed,AI,1592
P11,Trial6,Seed,Real,1583
P11,Trial6,Total,AI,3033
P11,Trial6,Total,Real,2225
P12,Trial1,Pupil,AI,608
P12,Trial1,Pupil,Real,467
P12,Trial1,Skin,AI,0
P12,Trial1,Skin,Real,0
P12,Trial1,Total,AI,892
P12,Trial1,Total,Real,971
P12,Trial2,Hair,AI,633
P12,Trial2,Hair,Real,725
P12,Trial2,Outfit,AI,0
P12,Trial2,Outfit,Real,0
P12,Trial2,Total,AI,633
P12,Trial2,Total,Real,883
P12,Trial3,Mountain,AI,96
P12,Trial3,Mountain,Real,617
P12,Trial3,River,AI,0
P12,Trial3,River,Real,0
P12,Trial3,Total,AI,604
P12,Trial3,Total,Real,617
P12,Trial4,Topping1,AI,946
P12,Trial4,Topping1,Real,608
P12,Trial4,Topping2,AI,742
P12,Trial4,Topping2,Real,767
P12,Trial4,Total,AI,1479
P12,Trial4,Total,Real,1183
P12,Trial5,Cloud,AI,1329
P12,Trial5,Cloud,Real,608
P12,Trial5,Total,AI,2254
P12,Trial5,Total,Real,1658
P12,Trial5,Water,AI,1308
P12,Trial5,Water,Real,1050
P12,Trial6,Leaves,AI,0
P12,Trial6,Leaves,Real,0
P12,Trial6,Seed,AI,2242
P12,Trial6,Seed,Real,1113
P12,Trial6,Total,AI,2533
P12,Trial6,Total,Real,1113
P13,Trial1,Pupil,AI,763
P13,Trial1,Pupil,Real,0
P13,Trial1,Skin,AI,308
P13,Trial1,Skin,Real,0
P13,Trial1,Total,AI,3513
P13,Trial1,Total,Real,429
P13,Trial2,Hair,AI,2100
P13,Trial2,Hair,Real,833
P13,Trial2,Outfit,AI,550
P13,Trial2,Outfit,Real,1142
P13,Trial2,Total,AI,3383
P13,Trial2,Total,Real,4992
P13,Trial3,Mountain,AI,0
P13,Trial3,Mountain,Real,250
P13,Trial3,River,AI,542
P13,Trial3,River,Real,0
P13,Trial3,Total,AI,988
P13,Trial3,Total,Real,1138
P13,Trial4,Topping1,AI,2067
P13,Trial4,Topping1,Real,1583
P13,Trial4,Topping2,AI,2433
P13,Trial4,Topping2,Real,4458
P13,Trial4,Total,AI,5508
P13,Trial4,Total,Real,7088
P13,Trial5,Cloud,AI,3008
P13,Trial5,Cloud,Real,1792
P13,Trial5,Total,AI,5504
P13,Trial5,Total,Real,3979
P13,Trial5,Water,AI,2496
P13,Trial5,Water,Real,2188
P13,Trial6,Leaves,AI,2338
P13,Trial6,Leaves,Real,4092
P13,Trial6,Seed,AI,3538
P13,Trial6,Seed,Real,3583
P13,Trial6,Total,AI,6625
P13,Trial6,Total,Real,8217
P14,Trial1,Pupil,AI,483
P14,Trial1,Pupil,Real,150
P14,Trial1,Skin,AI,0
P14,Trial1,Skin,Real,0
P14,Trial1,Total,AI,2708
P14,Trial1,Total,Real,1000
P14,Trial2,Hair,AI,1017
P14,Trial2,Hair,Real,688
P14,Trial2,Outfit,AI,0
P14,Trial2,Outfit,Real,0
P14,Trial2,Total,AI,1017
P14,Trial2,Total,Real,1158
P14,Trial3,Mountain,AI,225
P14,Trial3,Mountain,Real,963
P14,Trial3,River,AI,775
P14,Trial3,River,Real,333
P14,Trial3,Total,AI,2517
P14,Trial3,Total,Real,1904
P14,Trial4,Topping1,AI,3379
P14,Trial4,Topping1,Real,3292
P14,Trial4,Topping2,AI,783
P14,Trial4,Topping2,Real,1617
P14,Trial4,Total,AI,5804
P14,Trial4,Total,Real,5017
P14,Trial5,Cloud,AI,608
P14,Trial5,Cloud,Real,750
P14,Trial5,Total,AI,1108
P14,Trial5,Total,Real,1575
P14,Trial5,Water,AI,417
P14,Trial5,Water,Real,825
P14,Trial6,Leaves,AI,5142
P14,Trial6,Leaves,Real,3133
P14,Trial6,Seed,AI,2533
P14,Trial6,Seed,Real,1758
P14,Trial6,Total,AI,8650
P14,Trial6,Total,Real,5833
P15,Trial1,Pupil,AI,1100
P15,Trial1,Pupil,Real,263
P15,Trial1,Skin,AI,100
P15,Trial1,Skin,Real,0
P15,Trial1,Total,AI,1708
P15,Trial1,Total,Real,1050
P15,Trial2,Hair,AI,2425
P15,Trial2,Hair,Real,2133
P15,Trial2,Outfit,AI,583
P15,Trial2,Outfit,Real,208
P15,Trial2,Total,AI,3600
P15,Trial2,Total,Real,3208
P15,Trial3,Mountain,AI,550
P15,Trial3,Mountain,Real,646
P15,Trial3,River,AI,1208
P15,Trial3,River,Real,267
P15,Trial3,Total,AI,3029
P15,Trial3,Total,Real,1613
P15,Trial4,Topping1,AI,1642
P15,Trial4,Topping1,Real,3025
P15,Trial4,Topping2,AI,675
P15,Trial4,Topping2,Real,175
P15,Trial4,Total,AI,3671
P15,Trial4,Total,Real,3725
P15,Trial5,Cloud,AI,4400
P15,Trial5,Cloud,Real,3975
P15,Trial5,Total,AI,8659
P15,Trial5,Total,Real,7004
P15,Trial5,Water,AI,4258
P15,Trial5,Water,Real,3029
P15,Trial6,Leaves,AI,1325
P15,Trial6,Leaves,Real,458
P15,Trial6,Seed,AI,1475
P15,Trial6,Seed,Real,1571
P15,Trial6,Total,AI,3571
P15,Trial6,Total,Real,2579
P16,Trial1,Pupil,AI,250
P16,Trial1,Pupil,Real,583
P16,Trial1,Skin,AI,0
P16,Trial1,Skin,Real,0
P16,Trial1,Total,AI,1775
P16,Trial1,Total,Real,954
P16,Trial2,Hair,AI,350
P16,Trial2,Hair,Real,0
P16,Trial2,Outfit,AI,0
P16,Trial2,Outfit,Real,0
P16,Trial2,Total,AI,917
P16,Trial2,Total,Real,1513
P16,Trial3,Mountain,AI,425
P16,Trial3,Mountain,Real,192
P16,Trial3,River,AI,917
P16,Trial3,River,Real,650
P16,Trial3,Total,AI,2054
P16,Trial3,Total,Real,1292
P16,Trial4,Topping1,AI,1021
P16,Trial4,Topping1,Real,3067
P16,Trial4,Topping2,AI,1242
P16,Trial4,Topping2,Real,963
P16,Trial4,Total,AI,3188
P16,Trial4,Total,Real,3771
P16,Trial5,Cloud,AI,1150
P16,Trial5,Cloud,Real,533
P16,Trial5,Total,AI,2817
P16,Trial5,Total,Real,3838
P16,Trial5,Water,AI,1667
P16,Trial5,Water,Real,3304
P16,Trial6,Leaves,AI,358
P16,Trial6,Leaves,Real,0
P16,Trial6,Seed,AI,1600
P16,Trial6,Seed,Real,871
P16,Trial6,Total,AI,1996
P16,Trial6,Total,Real,871
P17,Trial1,Pupil,AI,404
P17,Trial1,Pupil,Real,900
P17,Trial1,Skin,AI,0
P17,Trial1,Skin,Real,333
P17,Trial1,Total,AI,1496
P17,Trial1,Total,Real,2217
P17,Trial2,Hair,AI,933
P17,Trial2,Hair,Real,633
P17,Trial2,Outfit,AI,0
P17,Trial2,Outfit,Real,63
P17,Trial2,Total,AI,1075
P17,Trial2,Total,Real,1196
P17,Trial3,Mountain,AI,817
P17,Trial3,Mountain,Real,1254
P17,Trial3,River,AI,1150
P17,Trial3,River,Real,1050
P17,Trial3,Total,AI,2142
P17,Trial3,Total,Real,2704
P17,Trial4,Topping1,AI,1050
P17,Trial4,Topping1,Real,333
P17,Trial4,Topping2,AI,383
P17,Trial4,Topping2,Real,967
P17,Trial4,Total,AI,1925
P17,Trial4,Total,Real,967
P17,Trial5,Cloud,AI,313
P17,Trial5,Cloud,Real,675
P17,Trial5,Total,AI,1158
P17,Trial5,Total,Real,1892
P17,Trial5,Water,AI,846
P17,Trial5,Water,Real,1217
P17,Trial6,Leaves,AI,517
P17,Trial6,Leaves,Real,0
P17,Trial6,Seed,AI,1033
P17,Trial6,Seed,Real,1567
P17,Trial6,Total,AI,1833
P17,Trial6,Total,Real,1567
P18,Trial1,Pupil,AI,800
P18,Trial1,Pupil,Real,150
P18,Trial1,Skin,AI,0
P18,Trial1,Skin,Real,0
P18,Trial1,Total,AI,863
P18,Trial1,Total,Real,500
P18,Trial2,Hair,AI,996
P18,Trial2,Hair,Real,1104
P18,Trial2,Outfit,AI,0
P18,Trial2,Outfit,Real,0
P18,Trial2,Total,AI,1538
P18,Trial2,Total,Real,1288
P18,Trial3,Mountain,AI,758
P18,Trial3,Mountain,Real,888
P18,Trial3,River,AI,467
P18,Trial3,River,Real,508
P18,Trial3,Total,AI,1733
P18,Trial3,Total,Real,1596
P18,Trial4,Topping1,AI,1250
P18,Trial4,Topping1,Real,917
P18,Trial4,Topping2,AI,608
P18,Trial4,Topping2,Real,742
P18,Trial4,Total,AI,2208
P18,Trial4,Total,Real,1658
P18,Trial5,Cloud,AI,2133
P18,Trial5,Cloud,Real,1517
P18,Trial5,Total,AI,4183
P18,Trial5,Total,Real,3529
P18,Trial5,Water,AI,2050
P18,Trial5,Water,Real,2013
P18,Trial6,Leaves,AI,667
P18,Trial6,Leaves,Real,308
P18,Trial6,Seed,AI,963
P18,Trial6,Seed,Real,488
P18,Trial6,Total,AI,1629
P18,Trial6,Total,Real,796
P19,Trial1,Pupil,AI,175
P19,Trial1,Pupil,Real,167
P19,Trial1,Skin,AI,0
P19,Trial1,Skin,Real,0
P19,Trial1,Total,AI,1179
P19,Trial1,Total,Real,600
P19,Trial2,Hair,AI,667
P19,Trial2,Hair,Real,925
P19,Trial2,Outfit,AI,0
P19,Trial2,Outfit,Real,0
P19,Trial2,Total,AI,667
P19,Trial2,Total,Real,1267
P19,Trial3,Mountain,AI,525
P19,Trial3,Mountain,Real,713
P19,Trial3,River,AI,825
P19,Trial3,River,Real,108
P19,Trial3,Total,AI,1575
P19,Trial3,Total,Real,963
P19,Trial4,Topping1,AI,800
P19,Trial4,Topping1,Real,3458
P19,Trial4,Topping2,AI,508
P19,Trial4,Topping2,Real,883
P19,Trial4,Total,AI,2983
P19,Trial4,Total,Real,4833
P19,Trial5,Cloud,AI,1313
P19,Trial5,Cloud,Real,600
P19,Trial5,Total,AI,1521
P19,Trial5,Total,Real,1042
P19,Trial5,Water,AI,208
P19,Trial5,Water,Real,442
P19,Trial6,Leaves,AI,588
P19,Trial6,Leaves,Real,0
P19,Trial6,Seed,AI,1308
P19,Trial6,Seed,Real,2033
P19,Trial6,Total,AI,1979
P19,Trial6,Total,Real,2321
P20,Trial1,Pupil,AI,475
P20,Trial1,Pupil,Real,242
P20,Trial1,Skin,AI,0
P20,Trial1,Skin,Real,0
P20,Trial1,Total,AI,1142
P20,Trial1,Total,Real,525
P20,Trial2,Hair,AI,1088
P20,Trial2,Hair,Real,700
P20,Trial2,Outfit,AI,0
P20,Trial2,Outfit,Real,175
P20,Trial2,Total,AI,1779
P20,Trial2,Total,Real,1221
P20,Trial3,Mountain,AI,425
P20,Trial3,Mountain,Real,0
P20,Trial3,River,AI,346
P20,Trial3,River,Real,0
P20,Trial3,Total,AI,946
P20,Trial3,Total,Real,292
P20,Trial4,Topping1,AI,513
P20,Trial4,Topping1,Real,1600
P20,Trial4,Topping2,AI,817
P20,Trial4,Topping2,Real,633
P20,Trial4,Total,AI,1813
P20,Trial4,Total,Real,2200
P20,Trial5,Cloud,AI,1417
P20,Trial5,Cloud,Real,1517
P20,Trial5,Total,AI,3525
P20,Trial5,Total,Real,3554
P20,Trial5,Water,AI,2108
P20,Trial5,Water,Real,2038
P20,Trial6,Leaves,AI,567
P20,Trial6,Leaves,Real,1475
P20,Trial6,Seed,AI,467
P20,Trial6,Seed,Real,1275
P20,Trial6,Total,AI,2692
P20,Trial6,Total,Real,3500
P21,Trial1,Pupil,AI,650
P21,Trial1,Pupil,Real,400
P21,Trial1,Skin,AI,0
P21,Trial1,Skin,Real,0
P21,Trial1,Total,AI,3096
P21,Trial1,Total,Real,871
P21,Trial2,Hair,AI,1275
P21,Trial2,Hair,Real,1308
P21,Trial2,Outfit,AI,158
P21,Trial2,Outfit,Real,121
P21,Trial2,Total,AI,1433
P21,Trial2,Total,Real,1550
P21,Trial3,Mountain,AI,600
P21,Trial3,Mountain,Real,717
P21,Trial3,River,AI,975
P21,Trial3,River,Real,1342
P21,Trial3,Total,AI,2325
P21,Trial3,Total,Real,2167
P21,Trial4,Topping1,AI,400
P21,Trial4,Topping1,Real,1792
P21,Trial4,Topping2,AI,683
P21,Trial4,Topping2,Real,567
P21,Trial4,Total,AI,1879
P21,Trial4,Total,Real,2617
P21,Trial5,Cloud,AI,433
P21,Trial5,Cloud,Real,996
P21,Trial5,Total,AI,5500
P21,Trial5,Total,Real,3796
P21,Trial5,Water,AI,5067
P21,Trial5,Water,Real,2800
P21,Trial6,Leaves,AI,1967
P21,Trial6,Leaves,Real,625
P21,Trial6,Seed,AI,467
P21,Trial6,Seed,Real,471
P21,Trial6,Total,AI,3167
P21,Trial6,Total,Real,1163
P22,Trial1,Pupil,AI,475
P22,Trial1,Pupil,Real,0
P22,Trial1,Skin,AI,175
P22,Trial1,Skin,Real,0
P22,Trial1,Total,AI,1496
P22,Trial1,Total,Real,483
P22,Trial2,Hair,AI,2550
P22,Trial2,Hair,Real,1233
P22,Trial2,Outfit,AI,258
P22,Trial2,Outfit,Real,0
P22,Trial2,Total,AI,3113
P22,Trial2,Total,Real,2458
P22,Trial3,Mountain,AI,183
P22,Trial3,Mountain,Real,546
P22,Trial3,River,AI,642
P22,Trial3,River,Real,967
P22,Trial3,Total,AI,825
P22,Trial3,Total,Real,1513
P22,Trial4,Topping1,AI,542
P22,Trial4,Topping1,Real,1908
P22,Trial4,Topping2,AI,1004
P22,Trial4,Topping2,Real,450
P22,Trial4,Total,AI,1738
P22,Trial4,Total,Real,2358
P22,Trial5,Cloud,AI,929
P22,Trial5,Cloud,Real,667
P22,Trial5,Total,AI,2071
P22,Trial5,Total,Real,1817
P22,Trial5,Water,AI,1142
P22,Trial5,Water,Real,1150
P22,Trial6,Leaves,AI,242
P22,Trial6,Leaves,Real,0
P22,Trial6,Seed,AI,658
P22,Trial6,Seed,Real,525
P22,Trial6,Total,AI,1242
P22,Trial6,Total,Real,525
P23,Trial1,Pupil,AI,1392
P23,Trial1,Pupil,Real,892
P23,Trial1,Skin,AI,392
P23,Trial1,Skin,Real,0
P23,Trial1,Total,AI,3396
P23,Trial1,Total,Real,892
P23,Trial2,Hair,AI,1783
P23,Trial2,Hair,Real,142
P23,Trial2,Outfit,AI,0
P23,Trial2,Outfit,Real,142
P23,Trial2,Total,AI,1967
P23,Trial2,Total,Real,2275
P23,Trial3,Mountain,AI,508
P23,Trial3,Mountain,Real,950
P23,Trial3,River,AI,867
P23,Trial3,River,Real,767
P23,Trial3,Total,AI,2142
P23,Trial3,Total,Real,2533
P23,Trial4,Topping1,AI,2058
P23,Trial4,Topping1,Real,3367
P23,Trial4,Topping2,AI,1617
P23,Trial4,Topping2,Real,1000
P23,Trial4,Total,AI,4896
P23,Trial4,Total,Real,6158
P23,Trial5,Cloud,AI,1683
P23,Trial5,Cloud,Real,2054
P23,Trial5,Total,AI,6950
P23,Trial5,Total,Real,5146
P23,Trial5,Water,AI,5133
P23,Trial5,Water,Real,3092
P23,Trial6,Leaves,AI,433
P23,Trial6,Leaves,Real,1042
P23,Trial6,Seed,AI,746
P23,Trial6,Seed,Real,992
P23,Trial6,Total,AI,2058
P23,Trial6,Total,Real,2317
P24,Trial1,Pupil,AI,975
P24,Trial1,Pupil,Real,1529
P24,Trial1,Skin,AI,0
P24,Trial1,Skin,Real,0
P24,Trial1,Total,AI,1458
P24,Trial1,Total,Real,2204
P24,Trial2,Hair,AI,1283
P24,Trial2,Hair,Real,708
P24,Trial2,Outfit,AI,0
P24,Trial2,Outfit,Real,0
P24,Trial2,Total,AI,1417
P24,Trial2,Total,Real,1075
P24,Trial3,Mountain,AI,2392
P24,Trial3,Mountain,Real,2458
P24,Trial3,River,AI,983
P24,Trial3,River,Real,742
P24,Trial3,Total,AI,5367
P24,Trial3,Total,Real,4658
P24,Trial4,Topping1,AI,1975
P24,Trial4,Topping1,Real,3317
P24,Trial4,Topping2,AI,1067
P24,Trial4,Topping2,Real,617
P24,Trial4,Total,AI,3392
P24,Trial4,Total,Real,4179
P24,Trial5,Cloud,AI,567
P24,Trial5,Cloud,Real,2050
P24,Trial5,Total,AI,2642
P24,Trial5,Total,Real,3838
P24,Trial5,Water,AI,2075
P24,Trial5,Water,Real,1788
P24,Trial6,Leaves,AI,0
P24,Trial6,Leaves,Real,0
P24,Trial6,Seed,AI,1458
P24,Trial6,Seed,Real,1800
P24,Trial6,Total,AI,2300
P24,Trial6,Total,Real,1800
P25,Trial1,Pupil,AI,308
P25,Trial1,Pupil,Real,300
P25,Trial1,Skin,AI,0
P25,Trial1,Skin,Real,0
P25,Trial1,Total,AI,1250
P25,Trial1,Total,Real,875
P25,Trial2,Hair,AI,0
P25,Trial2,Hair,Real,429
P25,Trial2,Outfit,AI,0
P25,Trial2,Outfit,Real,0
P25,Trial2,Total,AI,525
P25,Trial2,Total,Real,554
P25,Trial3,Mountain,AI,371
P25,Trial3,Mountain,Real,292
P25,Trial3,River,AI,808
P25,Trial3,River,Real,475
P25,Trial3,Total,AI,2021
P25,Trial3,Total,Real,1142
P25,Trial4,Topping1,AI,583
P25,Trial4,Topping1,Real,658
P25,Trial4,Topping2,AI,533
P25,Trial4,Topping2,Real,692
P25,Trial4,Total,AI,1200
P25,Trial4,Total,Real,1900
P25,Trial5,Cloud,AI,1733
P25,Trial5,Cloud,Real,1721
P25,Trial5,Total,AI,3092
P25,Trial5,Total,Real,2883
P25,Trial5,Water,AI,1358
P25,Trial5,Water,Real,1163
P25,Trial6,Leaves,AI,1250
P25,Trial6,Leaves,Real,1483
P25,Trial6,Seed,AI,1092
P25,Trial6,Seed,Real,1058
P25,Trial6,Total,AI,2567
P25,Trial6,Total,Real,2542
P26,Trial1,Pupil,AI,0
P26,Trial1,Pupil,Real,0
P26,Trial1,Skin,AI,1742
P26,Trial1,Skin,Real,408
P26,Trial1,Total,AI,3142
P26,Trial1,Total,Real,408
P26,Trial2,Hair,AI,717
P26,Trial2,Hair,Real,300
P26,Trial2,Outfit,AI,925
P26,Trial2,Outfit,Real,1133
P26,Trial2,Total,AI,2558
P26,Trial2,Total,Real,2846
P26,Trial3,Mountain,AI,525
P26,Trial3,Mountain,Real,300
P26,Trial3,River,AI,2742
P26,Trial3,River,Real,0
P26,Trial3,Total,AI,5625
P26,Trial3,Total,Real,1738
P26,Trial4,Topping1,AI,3213
P26,Trial4,Topping1,Real,4196
P26,Trial4,Topping2,AI,2583
P26,Trial4,Topping2,Real,3583
P26,Trial4,Total,AI,8488
P26,Trial4,Total,Real,12496
P26,Trial5,Cloud,AI,708
P26,Trial5,Cloud,Real,1150
P26,Trial5,Total,AI,6308
P26,Trial5,Total,Real,11154
P26,Trial5,Water,AI,5600
P26,Trial5,Water,Real,10004
P26,Trial6,Leaves,AI,2342
P26,Trial6,Leaves,Real,6204
P26,Trial6,Seed,AI,917
P26,Trial6,Seed,Real,1267
P26,Trial6,Total,AI,6342
P26,Trial6,Total,Real,9596
P27,Trial1,Pupil,AI,1133
P27,Trial1,Pupil,Real,1433
P27,Trial1,Skin,AI,117
P27,Trial1,Skin,Real,200
P27,Trial1,Total,AI,1721
P27,Trial1,Total,Real,2150
P27,Trial2,Hair,AI,1358
P27,Trial2,Hair,Real,1225
P27,Trial2,Outfit,AI,0
P27,Trial2,Outfit,Real,346
P27,Trial2,Total,AI,2158
P27,Trial2,Total,Real,2125
P27,Trial3,Mountain,AI,508
P27,Trial3,Mountain,Real,1150
P27,Trial3,River,AI,1596
P27,Trial3,River,Real,1450
P27,Trial3,Total,AI,3813
P27,Trial3,Total,Real,4167
P27,Trial4,Topping1,AI,1475
P27,Trial4,Topping1,Real,1217
P27,Trial4,Topping2,AI,1842
P27,Trial4,Topping2,Real,1717
P27,Trial4,Total,AI,3633
P27,Trial4,Total,Real,2992
P27,Trial5,Cloud,AI,392
P27,Trial5,Cloud,Real,583
P27,Trial5,Total,AI,3208
P27,Trial5,Total,Real,4188
P27,Trial5,Water,AI,2817
P27,Trial5,Water,Real,3604
P27,Trial6,Leaves,AI,1333
P27,Trial6,Leaves,Real,1700
P27,Trial6,Seed,AI,975
P27,Trial6,Seed,Real,625
P27,Trial6,Total,AI,2867
P27,Trial6,Total,Real,2708
P28,Trial1,Pupil,AI,183
P28,Trial1,Pupil,Real,492
P28,Trial1,Skin,AI,408
P28,Trial1,Skin,Real,367
P28,Trial1,Total,AI,2746
P28,Trial1,Total,Real,2117
P28,Trial2,Hair,AI,1000
P28,Trial2,Hair,Real,1517
P28,Trial2,Outfit,AI,275
P28,Trial2,Outfit,Real,0
P28,Trial2,Total,AI,1275
P28,Trial2,Total,Real,1917
P28,Trial3,Mountain,AI,558
P28,Trial3,Mountain,Real,1142
P28,Trial3,River,AI,583
P28,Trial3,River,Real,633
P28,Trial3,Total,AI,1225
P28,Trial3,Total,Real,2167
P28,Trial4,Topping1,AI,1825
P28,Trial4,Topping1,Real,2158
P28,Trial4,Topping2,AI,1000
P28,Trial4,Topping2,Real,1479
P28,Trial4,Total,AI,4517
P28,Trial4,Total,Real,3563
P28,Trial5,Cloud,AI,700
P28,Trial5,Cloud,Real,1000
P28,Trial5,Total,AI,1646
P28,Trial5,Total,Real,1950
P28,Trial5,Water,AI,946
P28,Trial5,Water,Real,950
P28,Trial6,Leaves,AI,608
P28,Trial6,Leaves,Real,1392
P28,Trial6,Seed,AI,742
P28,Trial6,Seed,Real,1100
P28,Trial6,Total,AI,3363
P28,Trial6,Total,Real,2446
P29,Trial1,Pupil,AI,2517
P29,Trial1,Pupil,Real,913
P29,Trial1,Skin,AI,0
P29,Trial1,Skin,Real,0
P29,Trial1,Total,AI,4254
P29,Trial1,Total,Real,1313
P29,Trial2,Hair,AI,867
P29,Trial2,Hair,Real,1275
P29,Trial2,Outfit,AI,0
P29,Trial2,Outfit,Real,0
P29,Trial2,Total,AI,1225
P29,Trial2,Total,Real,2938
P29,Trial3,Mountain,AI,400
P29,Trial3,Mountain,Real,500
P29,Trial3,River,AI,450
P29,Trial3,River,Real,842
P29,Trial3,Total,AI,908
P29,Trial3,Total,Real,1971
P29,Trial4,Topping1,AI,992
P29,Trial4,Topping1,Real,1042
P29,Trial4,Topping2,AI,1525
P29,Trial4,Topping2,Real,650
P29,Trial4,Total,AI,4150
P29,Trial4,Total,Real,1717
P29,Trial5,Cloud,AI,1483
P29,Trial5,Cloud,Real,2300
P29,Trial5,Total,AI,2558
P29,Trial5,Total,Real,5413
P29,Trial5,Water,AI,1075
P29,Trial5,Water,Real,2938
P29,Trial6,Leaves,AI,2208
P29,Trial6,Leaves,Real,542
P29,Trial6,Seed,AI,1313
P29,Trial6,Seed,Real,3017
P29,Trial6,Total,AI,4000
P29,Trial6,Total,Real,3558
P30,Trial1,Pupil,AI,0
P30,Trial1,Pupil,Real,88
P30,Trial1,Skin,AI,1075
P30,Trial1,Skin,Real,717
P30,Trial1,Total,AI,2375
P30,Trial1,Total,Real,1579
P30,Trial2,Hair,AI,2125
P30,Trial2,Hair,Real,0
P30,Trial2,Outfit,AI,500
P30,Trial2,Outfit,Real,0
P30,Trial2,Total,AI,4367
P30,Trial2,Total,Real,3296
P30,Trial3,Mountain,AI,0
P30,Trial3,Mountain,Real,0
P30,Trial3,River,AI,400
P30,Trial3,River,Real,425
P30,Trial3,Total,AI,1275
P30,Trial3,Total,Real,1354
P30,Trial4,Topping1,AI,1625
P30,Trial4,Topping1,Real,2732
P30,Trial4,Topping2,AI,1458
P30,Trial4,Topping2,Real,2148
P30,Trial4,Total,AI,4817
P30,Trial4,Total,Real,5932
P30,Trial5,Cloud,AI,725
P30,Trial5,Cloud,Real,802
P30,Trial5,Total,AI,2792
P30,Trial5,Total,Real,5965
P30,Trial5,Water,AI,2067
P30,Trial5,Water,Real,5163
P30,Trial6,Leaves,AI,167
P30,Trial6,Leaves,Real,0
P30,Trial6,Seed,AI,1508
P30,Trial6,Seed,Real,546
P30,Trial6,Total,AI,1675
P30,Trial6,Total,Real,546
P31,Trial1,Pupil,AI,192
P31,Trial1,Pupil,Real,800
P31,Trial1,Skin,AI,742
P31,Trial1,Skin,Real,0
P31,Trial1,Total,AI,2783
P31,Trial1,Total,Real,2279
P31,Trial2,Hair,AI,392
P31,Trial2,Hair,Real,608
P31,Trial2,Outfit,AI,0
P31,Trial2,Outfit,Real,0
P31,Trial2,Total,AI,571
P31,Trial2,Total,Real,775
P31,Trial3,Mountain,AI,0
P31,Trial3,Mountain,Real,388
P31,Trial3,River,AI,200
P31,Trial3,River,Real,425
P31,Trial3,Total,AI,1150
P31,Trial3,Total,Real,1175
P31,Trial4,Topping1,AI,1833
P31,Trial4,Topping1,Real,1642
P31,Trial4,Topping2,AI,1563
P31,Trial4,Topping2,Real,2396
P31,Trial4,Total,AI,5054
P31,Trial4,Total,Real,3979
P31,Trial5,Cloud,AI,242
P31,Trial5,Cloud,Real,0
P31,Trial5,Total,AI,325
P31,Trial5,Total,Real,392
P31,Trial5,Water,AI,83
P31,Trial5,Water,Real,392
P31,Trial6,Leaves,AI,1225
P31,Trial6,Leaves,Real,842
P31,Trial6,Seed,AI,1167
P31,Trial6,Seed,Real,1217
P31,Trial6,Total,AI,2742
P31,Trial6,Total,Real,2842
P32,Trial1,Pupil,AI,1867
P32,Trial1,Pupil,Real,0
P32,Trial1,Skin,AI,267
P32,Trial1,Skin,Real,0
P32,Trial1,Total,AI,4342
P32,Trial1,Total,Real,1069
P32,Trial2,Hair,AI,517
P32,Trial2,Hair,Real,592
P32,Trial2,Outfit,AI,0
P32,Trial2,Outfit,Real,150
P32,Trial2,Total,AI,792
P32,Trial2,Total,Real,950
P32,Trial3,Mountain,AI,608
P32,Trial3,Mountain,Real,500
P32,Trial3,River,AI,1000
P32,Trial3,River,Real,525
P32,Trial3,Total,AI,2204
P32,Trial3,Total,Real,2033
P32,Trial4,Topping1,AI,775
P32,Trial4,Topping1,Real,1067
P32,Trial4,Topping2,AI,333
P32,Trial4,Topping2,Real,533
P32,Trial4,Total,AI,1204
P32,Trial4,Total,Real,1808
P32,Trial5,Cloud,AI,867
P32,Trial5,Cloud,Real,1963
P32,Trial5,Total,AI,1883
P32,Trial5,Total,Real,2475
P32,Trial5,Water,AI,667
P32,Trial5,Water,Real,513
P32,Trial6,Leaves,AI,0
P32,Trial6,Leaves,Real,0
P32,Trial6,Seed,AI,775
P32,Trial6,Seed,Real,1225
P32,Trial6,Total,AI,1433
P32,Trial6,Total,Real,1225
P33,Trial1,Pupil,AI,1133
P33,Trial1,Pupil,Real,358
P33,Trial1,Skin,AI,2008
P33,Trial1,Skin,Real,700
P33,Trial1,Total,AI,4417
P33,Trial1,Total,Real,3167
P33,Trial2,Hair,AI,3375
P33,Trial2,Hair,Real,4142
P33,Trial2,Outfit,AI,1433
P33,Trial2,Outfit,Real,1525
P33,Trial2,Total,AI,5108
P33,Trial2,Total,Real,6500
P33,Trial3,Mountain,AI,142
P33,Trial3,Mountain,Real,167
P33,Trial3,River,AI,542
P33,Trial3,River,Real,117
P33,Trial3,Total,AI,1408
P33,Trial3,Total,Real,1125
P33,Trial4,Topping1,AI,1558
P33,Trial4,Topping1,Real,1442
P33,Trial4,Topping2,AI,2075
P33,Trial4,Topping2,Real,1308
P33,Trial4,Total,AI,5400
P33,Trial4,Total,Real,4558
P33,Trial5,Cloud,AI,2796
P33,Trial5,Cloud,Real,1833
P33,Trial5,Total,AI,5046
P33,Trial5,Total,Real,4550
P33,Trial5,Water,AI,2250
P33,Trial5,Water,Real,2158
P33,Trial6,Leaves,AI,1125
P33,Trial6,Leaves,Real,1175
P33,Trial6,Seed,AI,1000
P33,Trial6,Seed,Real,1150
P33,Trial6,Total,AI,3808
P33,Trial6,Total,Real,3333
P34,Trial1,Pupil,AI,1450
P34,Trial1,Pupil,Real,2367
P34,Trial1,Skin,AI,733
P34,Trial1,Skin,Real,0
P34,Trial1,Total,AI,3833
P34,Trial1,Total,Real,3761
P34,Trial2,Hair,AI,1133
P34,Trial2,Hair,Real,2267
P34,Trial2,Outfit,AI,192
P34,Trial2,Outfit,Real,1017
P34,Trial2,Total,AI,2200
P34,Trial2,Total,Real,4217
P34,Trial3,Mountain,AI,1017
P34,Trial3,Mountain,Real,1367
P34,Trial3,River,AI,1417
P34,Trial3,River,Real,1192
P34,Trial3,Total,AI,3067
P34,Trial3,Total,Real,4142
P34,Trial4,Topping1,AI,3633
P34,Trial4,Topping1,Real,4575
P34,Trial4,Topping2,AI,4742
P34,Trial4,Topping2,Real,4375
P34,Trial4,Total,AI,10025
P34,Trial4,Total,Real,8942
P34,Trial5,Cloud,AI,2183
P34,Trial5,Cloud,Real,950
P34,Trial5,Total,AI,5783
P34,Trial5,Total,Real,5083
P34,Trial5,Water,AI,3283
P34,Trial5,Water,Real,4133
P34,Trial6,Leaves,AI,5458
P34,Trial6,Leaves,Real,5825
P34,Trial6,Seed,AI,4383
P34,Trial6,Seed,Real,3763
P34,Trial6,Total,AI,14259
P34,Trial6,Total,Real,11321
P35,Trial1,Pupil,AI,442
P35,Trial1,Pupil,Real,817
P35,Trial1,Skin,AI,0
P35,Trial1,Skin,Real,0
P35,Trial1,Total,AI,1767
P35,Trial1,Total,Real,1483
P35,Trial2,Hair,AI,367
P35,Trial2,Hair,Real,400
P35,Trial2,Outfit,AI,0
P35,Trial2,Outfit,Real,0
P35,Trial2,Total,AI,708
P35,Trial2,Total,Real,938
P35,Trial3,Mountain,AI,642
P35,Trial3,Mountain,Real,621
P35,Trial3,River,AI,1217
P35,Trial3,River,Real,0
P35,Trial3,Total,AI,2867
P35,Trial3,Total,Real,1229
P35,Trial4,Topping1,AI,613
P35,Trial4,Topping1,Real,0
P35,Trial4,Topping2,AI,683
P35,Trial4,Topping2,Real,1042
P35,Trial4,Total,AI,1646
P35,Trial4,Total,Real,1375
P35,Trial5,Cloud,AI,1167
P35,Trial5,Cloud,Real,46
P35,Trial5,Total,AI,2133
P35,Trial5,Total,Real,2421
P35,Trial5,Water,AI,967
P35,Trial5,Water,Real,2375
P35,Trial6,Leaves,AI,1083
P35,Trial6,Leaves,Real,0
P35,Trial6,Seed,AI,1108
P35,Trial6,Seed,Real,542
P35,Trial6,Total,AI,2192
P35,Trial6,Total,Real,775
P36,Trial1,Pupil,AI,283
P36,Trial1,Pupil,Real,467
P36,Trial1,Skin,AI,808
P36,Trial1,Skin,Real,133
P36,Trial1,Total,AI,2058
P36,Trial1,Total,Real,671
P36,Trial2,Hair,AI,1292
P36,Trial2,Hair,Real,475
P36,Trial2,Outfit,AI,450
P36,Trial2,Outfit,Real,296
P36,Trial2,Total,AI,1858
P36,Trial2,Total,Real,2629
P36,Trial3,Mountain,AI,942
P36,Trial3,Mountain,Real,0
P36,Trial3,River,AI,567
P36,Trial3,River,Real,983
P36,Trial3,Total,AI,2050
P36,Trial3,Total,Real,1300
P36,Trial4,Topping1,AI,2425
P36,Trial4,Topping1,Real,2142
P36,Trial4,Topping2,AI,1075
P36,Trial4,Topping2,Real,2442
P36,Trial4,Total,AI,4342
P36,Trial4,Total,Real,6050
P36,Trial5,Cloud,AI,1996
P36,Trial5,Cloud,Real,1925
P36,Trial5,Total,AI,3213
P36,Trial5,Total,Real,3967
P36,Trial5,Water,AI,1217
P36,Trial5,Water,Real,2042
P36,Trial6,Leaves,AI,3000
P36,Trial6,Leaves,Real,2333
P36,Trial6,Seed,AI,1442
P36,Trial6,Seed,Real,1642
P36,Trial6,Total,AI,6121
P36,Trial6,Total,Real,4367
P37,Trial1,Pupil,AI,967
P37,Trial1,Pupil,Real,292
P37,Trial1,Skin,AI,0
P37,Trial1,Skin,Real,0
P37,Trial1,Total,AI,2367
P37,Trial1,Total,Real,1475
P37,Trial2,Hair,AI,1196
P37,Trial2,Hair,Real,1425
P37,Trial2,Outfit,AI,0
P37,Trial2,Outfit,Real,342
P37,Trial2,Total,AI,1338
P37,Trial2,Total,Real,2296
P37,Trial3,Mountain,AI,183
P37,Trial3,Mountain,Real,0
P37,Trial3,River,AI,1283
P37,Trial3,River,Real,458
P37,Trial3,Total,AI,2929
P37,Trial3,Total,Real,1304
P37,Trial4,Topping1,AI,1675
P37,Trial4,Topping1,Real,1483
P37,Trial4,Topping2,AI,1658
P37,Trial4,Topping2,Real,1471
P37,Trial4,Total,AI,4929
P37,Trial4,Total,Real,4129
P37,Trial5,Cloud,AI,2008
P37,Trial5,Cloud,Real,958
P37,Trial5,Total,AI,7375
P37,Trial5,Total,Real,4333
P37,Trial5,Water,AI,4933
P37,Trial5,Water,Real,3375
P37,Trial6,Leaves,AI,67
P37,Trial6,Leaves,Real,0
P37,Trial6,Seed,AI,1092
P37,Trial6,Seed,Real,1317
P37,Trial6,Total,AI,1275
P37,Trial6,Total,Real,1317
P38,Trial1,Pupil,AI,442
P38,Trial1,Pupil,Real,650
P38,Trial1,Skin,AI,0
P38,Trial1,Skin,Real,0
P38,Trial1,Total,AI,1675
P38,Trial1,Total,Real,1558
P38,Trial2,Hair,AI,658
P38,Trial2,Hair,Real,508
P38,Trial2,Outfit,AI,63
P38,Trial2,Outfit,Real,0
P38,Trial2,Total,AI,1883
P38,Trial2,Total,Real,2358
P38,Trial3,Mountain,AI,542
P38,Trial3,Mountain,Real,558
P38,Trial3,River,AI,275
P38,Trial3,River,Real,258
P38,Trial3,Total,AI,1350
P38,Trial3,Total,Real,1279
P38,Trial4,Topping1,AI,392
P38,Trial4,Topping1,Real,1242
P38,Trial4,Topping2,AI,1738
P38,Trial4,Topping2,Real,217
P38,Trial4,Total,AI,2504
P38,Trial4,Total,Real,2046
P38,Trial5,Cloud,AI,492
P38,Trial5,Cloud,Real,500
P38,Trial5,Total,AI,1600
P38,Trial5,Total,Real,1200
P38,Trial5,Water,AI,933
P38,Trial5,Water,Real,550
P38,Trial6,Leaves,AI,617
P38,Trial6,Leaves,Real,425
P38,Trial6,Seed,AI,592
P38,Trial6,Seed,Real,642
P38,Trial6,Total,AI,1446
P38,Trial6,Total,Real,1067
P39,Trial1,Pupil,AI,492
P39,Trial1,Pupil,Real,0
P39,Trial1,Skin,AI,0
P39,Trial1,Skin,Real,0
P39,Trial1,Total,AI,1221
P39,Trial1,Total,Real,404
P39,Trial2,Hair,AI,1192
P39,Trial2,Hair,Real,408
P39,Trial2,Outfit,AI,175
P39,Trial2,Outfit,Real,0
P39,Trial2,Total,AI,2275
P39,Trial2,Total,Real,2638
P39,Trial3,Mountain,AI,67
P39,Trial3,Mountain,Real,0
P39,Trial3,River,AI,792
P39,Trial3,River,Real,283
P39,Trial3,Total,AI,1513
P39,Trial3,Total,Real,692
P39,Trial4,Topping1,AI,0
P39,Trial4,Topping1,Real,179
P39,Trial4,Topping2,AI,1167
P39,Trial4,Topping2,Real,1588
P39,Trial4,Total,AI,2592
P39,Trial4,Total,Real,1588
P39,Trial5,Cloud,AI,1571
P39,Trial5,Cloud,Real,1008
P39,Trial5,Total,AI,3729
P39,Trial5,Total,Real,2558
P39,Trial5,Water,AI,2158
P39,Trial5,Water,Real,1375
P39,Trial6,Leaves,AI,0
P39,Trial6,Leaves,Real,0
P39,Trial6,Seed,AI,908
P39,Trial6,Seed,Real,233
P39,Trial6,Total,AI,1050
P39,Trial6,Total,Real,233
P40,Trial1,Pupil,AI,1596
P40,Trial1,Pupil,Real,0
P40,Trial1,Skin,AI,0
P40,Trial1,Skin,Real,0
P40,Trial1,Total,AI,3654
P40,Trial1,Total,Real,1325
P40,Trial2,Hair,AI,2125
P40,Trial2,Hair,Real,1883
P40,Trial2,Outfit,AI,208
P40,Trial2,Outfit,Real,1533
P40,Trial2,Total,AI,2858
P40,Trial2,Total,Real,3900
P40,Trial3,Mountain,AI,271
P40,Trial3,Mountain,Real,0
P40,Trial3,River,AI,283
P40,Trial3,River,Real,0
P40,Trial3,Total,AI,833
P40,Trial3,Total,Real,433
P40,Trial4,Topping1,AI,992
P40,Trial4,Topping1,Real,1083
P40,Trial4,Topping2,AI,0
P40,Trial4,Topping2,Real,450
P40,Trial4,Total,AI,1325
P40,Trial4,Total,Real,1533
P40,Trial5,Cloud,AI,1054
P40,Trial5,Cloud,Real,2425
P40,Trial5,Total,AI,1054
P40,Trial5,Total,Real,3125
P40,Trial5,Water,AI,0
P40,Trial5,Water,Real,700
P40,Trial6,Leaves,AI,58
P40,Trial6,Leaves,Real,575
P40,Trial6,Seed,AI,1067
P40,Trial6,Seed,Real,758
P40,Trial6,Total,AI,3892
P40,Trial6,Total,Real,1700
P41,Trial1,Pupil,AI,200
P41,Trial1,Pupil,Real,142
P41,Trial1,Skin,AI,0
P41,Trial1,Skin,Real,292
P41,Trial1,Total,AI,1900
P41,Trial1,Total,Real,758
P41,Trial2,Hair,AI,292
P41,Trial2,Hair,Real,175
P41,Trial2,Outfit,AI,0
P41,Trial2,Outfit,Real,0
P41,Trial2,Total,AI,546
P41,Trial2,Total,Real,592
P41,Trial3,Mountain,AI,467
P41,Trial3,Mountain,Real,767
P41,Trial3,River,AI,625
P41,Trial3,River,Real,408
P41,Trial3,Total,AI,1683
P41,Trial3,Total,Real,1642
P41,Trial4,Topping1,AI,454
P41,Trial4,Topping1,Real,0
P41,Trial4,Topping2,AI,1367
P41,Trial4,Topping2,Real,975
P41,Trial4,Total,AI,1821
P41,Trial4,Total,Real,975
P41,Trial5,Cloud,AI,729
P41,Trial5,Cloud,Real,0
P41,Trial5,Total,AI,1363
P41,Trial5,Total,Real,1346
P41,Trial5,Water,AI,633
P41,Trial5,Water,Real,1346
P41,Trial6,Leaves,AI,292
P41,Trial6,Leaves,Real,796
P41,Trial6,Seed,AI,1842
P41,Trial6,Seed,Real,1733
P41,Trial6,Total,AI,2650
P41,Trial6,Total,Real,2904
P42,Trial1,Pupil,AI,375
P42,Trial1,Pupil,Real,408
P42,Trial1,Skin,AI,167
P42,Trial1,Skin,Real,71
P42,Trial1,Total,AI,950
P42,Trial1,Total,Real,1046
P42,Trial2,Hair,AI,1850
P42,Trial2,Hair,Real,775
P42,Trial2,Outfit,AI,217
P42,Trial2,Outfit,Real,633
P42,Trial2,Total,AI,5583
P42,Trial2,Total,Real,4617
P42,Trial3,Mountain,AI,992
P42,Trial3,Mountain,Real,1467
P42,Trial3,River,AI,1233
P42,Trial3,River,Real,375
P42,Trial3,Total,AI,3183
P42,Trial3,Total,Real,2642
P42,Trial4,Topping1,AI,1358
P42,Trial4,Topping1,Real,1433
P42,Trial4,Topping2,AI,2192
P42,Trial4,Topping2,Real,1200
P42,Trial4,Total,AI,5075
P42,Trial4,Total,Real,3133
P42,Trial5,Cloud,AI,1525
P42,Trial5,Cloud,Real,883
P42,Trial5,Total,AI,3817
P42,Trial5,Total,Real,3192
P42,Trial5,Water,AI,2292
P42,Trial5,Water,Real,2308
P42,Trial6,Leaves,AI,600
P42,Trial6,Leaves,Real,217
P42,Trial6,Seed,AI,0
P42,Trial6,Seed,Real,0
P42,Trial6,Total,AI,600
P42,Trial6,Total,Real,217
P43,Trial1,Pupil,AI,483
P43,Trial1,Pupil,Real,88
P43,Trial1,Skin,AI,267
P43,Trial1,Skin,Real,175
P43,Trial1,Total,AI,1258
P43,Trial1,Total,Real,350
P43,Trial2,Hair,AI,1450
P43,Trial2,Hair,Real,2367
P43,Trial2,Outfit,AI,0
P43,Trial2,Outfit,Real,0
P43,Trial2,Total,AI,1450
P43,Trial2,Total,Real,2683
P43,Trial3,Mountain,AI,1458
P43,Trial3,Mountain,Real,417
P43,Trial3,River,AI,1233
P43,Trial3,River,Real,1458
P43,Trial3,Total,AI,3950
P43,Trial3,Total,Real,4454
P43,Trial4,Topping1,AI,1192
P43,Trial4,Topping1,Real,1850
P43,Trial4,Topping2,AI,808
P43,Trial4,Topping2,Real,1300
P43,Trial4,Total,AI,3392
P43,Trial4,Total,Real,3267
P43,Trial5,Cloud,AI,4129
P43,Trial5,Cloud,Real,3642
P43,Trial5,Total,AI,6454
P43,Trial5,Total,Real,5908
P43,Trial5,Water,AI,2325
P43,Trial5,Water,Real,2267
P43,Trial6,Leaves,AI,1125
P43,Trial6,Leaves,Real,1025
P43,Trial6,Seed,AI,1433
P43,Trial6,Seed,Real,1883
P43,Trial6,Total,AI,3350
P43,Trial6,Total,Real,2975
P44,Trial1,Pupil,AI,1392
P44,Trial1,Pupil,Real,1325
P44,Trial1,Skin,AI,313
P44,Trial1,Skin,Real,0
P44,Trial1,Total,AI,2213
P44,Trial1,Total,Real,1850
P44,Trial2,Hair,AI,1633
P44,Trial2,Hair,Real,2292
P44,Trial2,Outfit,AI,217
P44,Trial2,Outfit,Real,258
P44,Trial2,Total,AI,1850
P44,Trial2,Total,Real,2550
P44,Trial3,Mountain,AI,875
P44,Trial3,Mountain,Real,183
P44,Trial3,River,AI,654
P44,Trial3,River,Real,317
P44,Trial3,Total,AI,1988
P44,Trial3,Total,Real,500
P44,Trial4,Topping1,AI,1675
P44,Trial4,Topping1,Real,1463
P44,Trial4,Topping2,AI,750
P44,Trial4,Topping2,Real,583
P44,Trial4,Total,AI,3125
P44,Trial4,Total,Real,2379
P44,Trial5,Cloud,AI,583
P44,Trial5,Cloud,Real,533
P44,Trial5,Total,AI,1092
P44,Trial5,Total,Real,1513
P44,Trial5,Water,AI,508
P44,Trial5,Water,Real,979
P44,Trial6,Leaves,AI,183
P44,Trial6,Leaves,Real,0
P44,Trial6,Seed,AI,1383
P44,Trial6,Seed,Real,717
P44,Trial6,Total,AI,1704
P44,Trial6,Total,Real,1213
P45,Trial1,Pupil,AI,1058
P45,Trial1,Pupil,Real,858
P45,Trial1,Skin,AI,0
P45,Trial1,Skin,Real,0
P45,Trial1,Total,AI,4129
P45,Trial1,Total,Real,1217
P45,Trial2,Hair,AI,817
P45,Trial2,Hair,Real,133
P45,Trial2,Outfit,AI,0
P45,Trial2,Outfit,Real,0
P45,Trial2,Total,AI,1100
P45,Trial2,Total,Real,1188
P45,Trial3,Mountain,AI,217
P45,Trial3,Mountain,Real,258
P45,Trial3,River,AI,467
P45,Trial3,River,Real,421
P45,Trial3,Total,AI,1058
P45,Trial3,Total,Real,888
P45,Trial4,Topping1,AI,963
P45,Trial4,Topping1,Real,933
P45,Trial4,Topping2,AI,350
P45,Trial4,Topping2,Real,942
P45,Trial4,Total,AI,1704
P45,Trial4,Total,Real,1608
P45,Trial5,Cloud,AI,1725
P45,Trial5,Cloud,Real,2367
P45,Trial5,Total,AI,2383
P45,Trial5,Total,Real,3996
P45,Trial5,Water,AI,658
P45,Trial5,Water,Real,1629
P45,Trial6,Leaves,AI,200
P45,Trial6,Leaves,Real,292
P45,Trial6,Seed,AI,792
P45,Trial6,Seed,Real,717
P45,Trial6,Total,AI,992
P45,Trial6,Total,Real,1008
P46,Trial1,Pupil,AI,542
P46,Trial1,Pupil,Real,408
P46,Trial1,Skin,AI,96
P46,Trial1,Skin,Real,0
P46,Trial1,Total,AI,1413
P46,Trial1,Total,Real,2567
P46,Trial2,Hair,AI,2458
P46,Trial2,Hair,Real,1671
P46,Trial2,Outfit,AI,217
P46,Trial2,Outfit,Real,300
P46,Trial2,Total,AI,2908
P46,Trial2,Total,Real,2463
P46,Trial3,Mountain,AI,0
P46,Trial3,Mountain,Real,367
P46,Trial3,River,AI,0
P46,Trial3,River,Real,350
P46,Trial3,Total,AI,704
P46,Trial3,Total,Real,717
P46,Trial4,Topping1,AI,2950
P46,Trial4,Topping1,Real,1775
P46,Trial4,Topping2,AI,2800
P46,Trial4,Topping2,Real,258
P46,Trial4,Total,AI,5696
P46,Trial4,Total,Real,2275
P46,Trial5,Cloud,AI,600
P46,Trial5,Cloud,Real,1583
P46,Trial5,Total,AI,1758
P46,Trial5,Total,Real,3488
P46,Trial5,Water,AI,1158
P46,Trial5,Water,Real,1904
P46,Trial6,Leaves,AI,254
P46,Trial6,Leaves,Real,292
P46,Trial6,Seed,AI,1775
P46,Trial6,Seed,Real,1288
P46,Trial6,Total,AI,2604
P46,Trial6,Total,Real,1929
P47,Trial1,Pupil,AI,713
P47,Trial1,Pupil,Real,0
P47,Trial1,Skin,AI,617
P47,Trial1,Skin,Real,83
P47,Trial1,Total,AI,1988
P47,Trial1,Total,Real,908
P47,Trial2,Hair,AI,1383
P47,Trial2,Hair,Real,1329
P47,Trial2,Outfit,AI,0
P47,Trial2,Outfit,Real,0
P47,Trial2,Total,AI,1575
P47,Trial2,Total,Real,1454
P47,Trial3,Mountain,AI,0
P47,Trial3,Mountain,Real,350
P47,Trial3,River,AI,1425
P47,Trial3,River,Real,933
P47,Trial3,Total,AI,1658
P47,Trial3,Total,Real,1783
P47,Trial4,Topping1,AI,392
P47,Trial4,Topping1,Real,708
P47,Trial4,Topping2,AI,0
P47,Trial4,Topping2,Real,392
P47,Trial4,Total,AI,908
P47,Trial4,Total,Real,875
P47,Trial5,Cloud,AI,158
P47,Trial5,Cloud,Real,417
P47,Trial5,Total,AI,842
P47,Trial5,Total,Real,963
P47,Trial5,Water,AI,683
P47,Trial5,Water,Real,546
P47,Trial6,Leaves,AI,83
P47,Trial6,Leaves,Real,0
P47,Trial6,Seed,AI,2404
P47,Trial6,Seed,Real,1525
P47,Trial6,Total,AI,2796
P47,Trial6,Total,Real,1817
P48,Trial1,Pupil,AI,267
P48,Trial1,Pupil,Real,613
P48,Trial1,Skin,AI,142
P48,Trial1,Skin,Real,679
P48,Trial1,Total,AI,2558
P48,Trial1,Total,Real,2858
P48,Trial2,Hair,AI,1567
P48,Trial2,Hair,Real,1183
P48,Trial2,Outfit,AI,0
P48,Trial2,Outfit,Real,0
P48,Trial2,Total,AI,1567
P48,Trial2,Total,Real,1775
P48,Trial3,Mountain,AI,1521
P48,Trial3,Mountain,Real,1175
P48,Trial3,River,AI,633
P48,Trial3,River,Real,492
P48,Trial3,Total,AI,2904
P48,Trial3,Total,Real,3233
P48,Trial4,Topping1,AI,800
P48,Trial4,Topping1,Real,917
P48,Trial4,Topping2,AI,138
P48,Trial4,Topping2,Real,0
P48,Trial4,Total,AI,1329
P48,Trial4,Total,Real,1842
P48,Trial5,Cloud,AI,1729
P48,Trial5,Cloud,Real,988
P48,Trial5,Total,AI,2229
P48,Trial5,Total,Real,3096
P48,Trial5,Water,AI,500
P48,Trial5,Water,Real,1050
P48,Trial6,Leaves,AI,0
P48,Trial6,Leaves,Real,0
P48,Trial6,Seed,AI,308
P48,Trial6,Seed,Real,200
P48,Trial6,Total,AI,771
P48,Trial6,Total,Real,583
P49,Trial1,Pupil,AI,471
P49,Trial1,Pupil,Real,0
P49,Trial1,Skin,AI,0
P49,Trial1,Skin,Real,0
P49,Trial1,Total,AI,2363
P49,Trial1,Total,Real,537
P49,Trial2,Hair,AI,625
P49,Trial2,Hair,Real,900
P49,Trial2,Outfit,AI,0
P49,Trial2,Outfit,Real,0
P49,Trial2,Total,AI,625
P49,Trial2,Total,Real,1075
P49,Trial3,Mountain,AI,0
P49,Trial3,Mountain,Real,0
P49,Trial3,River,AI,358
P49,Trial3,River,Real,0
P49,Trial3,Total,AI,875
P49,Trial3,Total,Real,633
P49,Trial4,Topping1,AI,2075
P49,Trial4,Topping1,Real,1708
P49,Trial4,Topping2,AI,225
P49,Trial4,Topping2,Real,2108
P49,Trial4,Total,AI,2946
P49,Trial4,Total,Real,3392
P49,Trial5,Cloud,AI,1271
P49,Trial5,Cloud,Real,746
P49,Trial5,Total,AI,3204
P49,Trial5,Total,Real,2321
P49,Trial5,Water,AI,1933
P49,Trial5,Water,Real,1575
P49,Trial6,Leaves,AI,0
P49,Trial6,Leaves,Real,0
P49,Trial6,Seed,AI,463
P49,Trial6,Seed,Real,500
P49,Trial6,Total,AI,621
P49,Trial6,Total,Real,617
P50,Trial1,Pupil,AI,2017
P50,Trial1,Pupil,Real,950
P50,Trial1,Skin,AI,0
P50,Trial1,Skin,Real,0
P50,Trial1,Total,AI,3075
P50,Trial1,Total,Real,1954
P50,Trial2,Hair,AI,1858
P50,Trial2,Hair,Real,2642
P50,Trial2,Outfit,AI,0
P50,Trial2,Outfit,Real,217
P50,Trial2,Total,AI,1858
P50,Trial2,Total,Real,3092
P50,Trial3,Mountain,AI,408
P50,Trial3,Mountain,Real,600
P50,Trial3,River,AI,1450
P50,Trial3,River,Real,533
P50,Trial3,Total,AI,3054
P50,Trial3,Total,Real,1458
P50,Trial4,Topping1,AI,1583
P50,Trial4,Topping1,Real,2650
P50,Trial4,Topping2,AI,1167
P50,Trial4,Topping2,Real,1208
P50,Trial4,Total,AI,3988
P50,Trial4,Total,Real,3925
P50,Trial5,Cloud,AI,1400
P50,Trial5,Cloud,Real,942
P50,Trial5,Total,AI,2675
P50,Trial5,Total,Real,2358
P50,Trial5,Water,AI,1275
P50,Trial5,Water,Real,1417
P50,Trial6,Leaves,AI,2192
P50,Trial6,Leaves,Real,2267
P50,Trial6,Seed,AI,1242
P50,Trial6,Seed,Real,1525
P50,Trial6,Total,AI,3700
P50,Trial6,Total,Real,4175
P51,Trial1,Pupil,AI,1042
P51,Trial1,Pupil,Real,817
P51,Trial1,Skin,AI,183
P51,Trial1,Skin,Real,0
P51,Trial1,Total,AI,2121
P51,Trial1,Total,Real,1196
P51,Trial2,Hair,AI,2667
P51,Trial2,Hair,Real,2292
P51,Trial2,Outfit,AI,1167
P51,Trial2,Outfit,Real,750
P51,Trial2,Total,AI,5442
P51,Trial2,Total,Real,4975
P51,Trial3,Mountain,AI,717
P51,Trial3,Mountain,Real,433
P51,Trial3,River,AI,950
P51,Trial3,River,Real,833
P51,Trial3,Total,AI,2250
P51,Trial3,Total,Real,2017
P51,Trial4,Topping1,AI,2608
P51,Trial4,Topping1,Real,2650
P51,Trial4,Topping2,AI,1183
P51,Trial4,Topping2,Real,1254
P51,Trial4,Total,AI,4217
P51,Trial4,Total,Real,3704
P51,Trial5,Cloud,AI,1867
P51,Trial5,Cloud,Real,2283
P51,Trial5,Total,AI,4600
P51,Trial5,Total,Real,5588
P51,Trial5,Water,AI,2733
P51,Trial5,Water,Real,3304
P51,Trial6,Leaves,AI,775
P51,Trial6,Leaves,Real,1325
P51,Trial6,Seed,AI,2871
P51,Trial6,Seed,Real,1842
P51,Trial6,Total,AI,4442
P51,Trial6,Total,Real,3167
P52,Trial1,Pupil,AI,0
P52,Trial1,Pupil,Real,508
P52,Trial1,Skin,AI,375
P52,Trial1,Skin,Real,0
P52,Trial1,Total,AI,1796
P52,Trial1,Total,Real,1175
P52,Trial2,Hair,AI,283
P52,Trial2,Hair,Real,0
P52,Trial2,Outfit,AI,0
P52,Trial2,Outfit,Real,0
P52,Trial2,Total,AI,479
P52,Trial2,Total,Real,958
P52,Trial3,Mountain,AI,1092
P52,Trial3,Mountain,Real,742
P52,Trial3,River,AI,200
P52,Trial3,River,Real,175
P52,Trial3,Total,AI,1692
P52,Trial3,Total,Real,1025
P52,Trial4,Topping1,AI,763
P52,Trial4,Topping1,Real,675
P52,Trial4,Topping2,AI,1583
P52,Trial4,Topping2,Real,1792
P52,Trial4,Total,AI,3504
P52,Trial4,Total,Real,3175
P52,Trial5,Cloud,AI,2308
P52,Trial5,Cloud,Real,617
P52,Trial5,Total,AI,4713
P52,Trial5,Total,Real,6663
P52,Trial5,Water,AI,2404
P52,Trial5,Water,Real,6046
P52,Trial6,Leaves,AI,1558
P52,Trial6,Leaves,Real,1292
P52,Trial6,Seed,AI,617
P52,Trial6,Seed,Real,1250
P52,Trial6,Total,AI,2254
P52,Trial6,Total,Real,2433
P53,Trial1,Pupil,AI,2213
P53,Trial1,Pupil,Real,275
P53,Trial1,Skin,AI,192
P53,Trial1,Skin,Real,0
P53,Trial1,Total,AI,3592
P53,Trial1,Total,Real,1025
P53,Trial2,Hair,AI,1942
P53,Trial2,Hair,Real,2550
P53,Trial2,Outfit,AI,0
P53,Trial2,Outfit,Real,88
P53,Trial2,Total,AI,1942
P53,Trial2,Total,Real,2908
P53,Trial3,Mountain,AI,0
P53,Trial3,Mountain,Real,517
P53,Trial3,River,AI,1783
P53,Trial3,River,Real,1567
P53,Trial3,Total,AI,2717
P53,Trial3,Total,Real,2083
P53,Trial4,Topping1,AI,1350
P53,Trial4,Topping1,Real,2163
P53,Trial4,Topping2,AI,2683
P53,Trial4,Topping2,Real,1229
P53,Trial4,Total,AI,4817
P53,Trial4,Total,Real,3021
P53,Trial5,Cloud,AI,2908
P53,Trial5,Cloud,Real,2350
P53,Trial5,Total,AI,3642
P53,Trial5,Total,Real,5025
P53,Trial5,Water,AI,733
P53,Trial5,Water,Real,2458
P53,Trial6,Leaves,AI,183
P53,Trial6,Leaves,Real,388
P53,Trial6,Seed,AI,1525
P53,Trial6,Seed,Real,1083
P53,Trial6,Total,AI,1967
P53,Trial6,Total,Real,1813
P54,Trial1,Pupil,AI,1100
P54,Trial1,Pupil,Real,525
P54,Trial1,Skin,AI,208
P54,Trial1,Skin,Real,0
P54,Trial1,Total,AI,1925
P54,Trial1,Total,Real,1158
P54,Trial2,Hair,AI,983
P54,Trial2,Hair,Real,800
P54,Trial2,Outfit,AI,0
P54,Trial2,Outfit,Real,0
P54,Trial2,Total,AI,1433
P54,Trial2,Total,Real,1963
P54,Trial3,Mountain,AI,367
P54,Trial3,Mountain,Real,638
P54,Trial3,River,AI,1958
P54,Trial3,River,Real,938
P54,Trial3,Total,AI,4175
P54,Trial3,Total,Real,3175
P54,Trial4,Topping1,AI,1908
P54,Trial4,Topping1,Real,2117
P54,Trial4,Topping2,AI,1725
P54,Trial4,Topping2,Real,1525
P54,Trial4,Total,AI,5892
P54,Trial4,Total,Real,4142
P54,Trial5,Cloud,AI,2000
P54,Trial5,Cloud,Real,2508
P54,Trial5,Total,AI,4979
P54,Trial5,Total,Real,5683
P54,Trial5,Water,AI,2979
P54,Trial5,Water,Real,3175
P54,Trial6,Leaves,AI,4933
P54,Trial6,Leaves,Real,5513
P54,Trial6,Seed,AI,2325
P54,Trial6,Seed,Real,2608
P54,Trial6,Total,AI,8650
P54,Trial6,Total,Real,9379
P55,Trial1,Pupil,AI,133
P55,Trial1,Pupil,Real,79
P55,Trial1,Skin,AI,0
P55,Trial1,Skin,Real,0
P55,Trial1,Total,AI,229
P55,Trial1,Total,Real,79
P55,Trial2,Hair,AI,838
P55,Trial2,Hair,Real,992
P55,Trial2,Outfit,AI,0
P55,Trial2,Outfit,Real,0
P55,Trial2,Total,AI,838
P55,Trial2,Total,Real,1392
P55,Trial3,Mountain,AI,267
P55,Trial3,Mountain,Real,0
P55,Trial3,River,AI,558
P55,Trial3,River,Real,375
P55,Trial3,Total,AI,1117
P55,Trial3,Total,Real,575
P55,Trial4,Topping1,AI,925
P55,Trial4,Topping1,Real,558
P55,Trial4,Topping2,AI,1908
P55,Trial4,Topping2,Real,1096
P55,Trial4,Total,AI,3350
P55,Trial4,Total,Real,1646
P55,Trial5,Cloud,AI,483
P55,Trial5,Cloud,Real,575
P55,Trial5,Total,AI,1792
P55,Trial5,Total,Real,1946
P55,Trial5,Water,AI,1308
P55,Trial5,Water,Real,1371
P55,Trial6,Leaves,AI,0
P55,Trial6,Leaves,Real,0
P55,Trial6,Seed,AI,442
P55,Trial6,Seed,Real,242
P55,Trial6,Total,AI,525
P55,Trial6,Total,Real,242
P56,Trial1,Pupil,AI,992
P56,Trial1,Pupil,Real,300
P56,Trial1,Skin,AI,0
P56,Trial1,Skin,Real,0
P56,Trial1,Total,AI,1638
P56,Trial1,Total,Real,758
P56,Trial2,Hair,AI,717
P56,Trial2,Hair,Real,0
P56,Trial2,Outfit,AI,0
P56,Trial2,Outfit,Real,0
P56,Trial2,Total,AI,717
P56,Trial2,Total,Real,400
P56,Trial3,Mountain,AI,0
P56,Trial3,Mountain,Real,525
P56,Trial3,River,AI,792
P56,Trial3,River,Real,413
P56,Trial3,Total,AI,1300
P56,Trial3,Total,Real,938
P56,Trial4,Topping1,AI,1100
P56,Trial4,Topping1,Real,2400
P56,Trial4,Topping2,AI,1217
P56,Trial4,Topping2,Real,1475
P56,Trial4,Total,AI,3008
P56,Trial4,Total,Real,3492
P56,Trial5,Cloud,AI,800
P56,Trial5,Cloud,Real,396
P56,Trial5,Total,AI,2175
P56,Trial5,Total,Real,1246
P56,Trial5,Water,AI,1375
P56,Trial5,Water,Real,850
P56,Trial6,Leaves,AI,550
P56,Trial6,Leaves,Real,413
P56,Trial6,Seed,AI,433
P56,Trial6,Seed,Real,821
P56,Trial6,Total,AI,1133
P56,Trial6,Total,Real,1554
P57,Trial1,Pupil,AI,292
P57,Trial1,Pupil,Real,525
P57,Trial1,Skin,AI,1225
P57,Trial1,Skin,Real,533
P57,Trial1,Total,AI,3808
P57,Trial1,Total,Real,3658
P57,Trial2,Hair,AI,608
P57,Trial2,Hair,Real,1458
P57,Trial2,Outfit,AI,0
P57,Trial2,Outfit,Real,133
P57,Trial2,Total,AI,608
P57,Trial2,Total,Real,2579
P57,Trial3,Mountain,AI,975
P57,Trial3,Mountain,Real,1500
P57,Trial3,River,AI,1033
P57,Trial3,River,Real,0
P57,Trial3,Total,AI,3483
P57,Trial3,Total,Real,3979
P57,Trial4,Topping1,AI,450
P57,Trial4,Topping1,Real,2283
P57,Trial4,Topping2,AI,1017
P57,Trial4,Topping2,Real,1683
P57,Trial4,Total,AI,1575
P57,Trial4,Total,Real,4150
P57,Trial5,Cloud,AI,1067
P57,Trial5,Cloud,Real,992
P57,Trial5,Total,AI,2975
P57,Trial5,Total,Real,2267
P57,Trial5,Water,AI,2200
P57,Trial5,Water,Real,1275
P57,Trial6,Leaves,AI,1825
P57,Trial6,Leaves,Real,742
P57,Trial6,Seed,AI,1800
P57,Trial6,Seed,Real,900
P57,Trial6,Total,AI,4388
P57,Trial6,Total,Real,1738
P58,Trial1,Pupil,AI,300
P58,Trial1,Pupil,Real,592
P58,Trial1,Skin,AI,0
P58,Trial1,Skin,Real,242
P58,Trial1,Total,AI,2254
P58,Trial1,Total,Real,1813
P58,Trial2,Hair,AI,1058
P58,Trial2,Hair,Real,1725
P58,Trial2,Outfit,AI,417
P58,Trial2,Outfit,Real,433
P58,Trial2,Total,AI,3892
P58,Trial2,Total,Real,4396
P58,Trial3,Mountain,AI,483
P58,Trial3,Mountain,Real,1208
P58,Trial3,River,AI,1333
P58,Trial3,River,Real,608
P58,Trial3,Total,AI,3767
P58,Trial3,Total,Real,1967
P58,Trial4,Topping1,AI,1700
P58,Trial4,Topping1,Real,1913
P58,Trial4,Topping2,AI,983
P58,Trial4,Topping2,Real,183
P58,Trial4,Total,AI,4475
P58,Trial4,Total,Real,3329
P58,Trial5,Cloud,AI,2358
P58,Trial5,Cloud,Real,2463
P58,Trial5,Total,AI,6708
P58,Trial5,Total,Real,7438
P58,Trial5,Water,AI,4350
P58,Trial5,Water,Real,4975
P58,Trial6,Leaves,AI,5275
P58,Trial6,Leaves,Real,5038
P58,Trial6,Seed,AI,2258
P58,Trial6,Seed,Real,1742
P58,Trial6,Total,AI,8292
P58,Trial6,Total,Real,7054
P59,Trial1,Pupil,AI,1625
P59,Trial1,Pupil,Real,842
P59,Trial1,Skin,AI,0
P59,Trial1,Skin,Real,67
P59,Trial1,Total,AI,2233
P59,Trial1,Total,Real,1821
P59,Trial2,Hair,AI,1708
P59,Trial2,Hair,Real,1833
P59,Trial2,Outfit,AI,583
P59,Trial2,Outfit,Real,0
P59,Trial2,Total,AI,2292
P59,Trial2,Total,Real,2900
P59,Trial3,Mountain,AI,858
P59,Trial3,Mountain,Real,917
P59,Trial3,River,AI,492
P59,Trial3,River,Real,558
P59,Trial3,Total,AI,1600
P59,Trial3,Total,Real,1988
P59,Trial4,Topping1,AI,500
P59,Trial4,Topping1,Real,1275
P59,Trial4,Topping2,AI,1125
P59,Trial4,Topping2,Real,1313
P59,Trial4,Total,AI,2783
P59,Trial4,Total,Real,3388
P59,Trial5,Cloud,AI,2625
P59,Trial5,Cloud,Real,2367
P59,Trial5,Total,AI,3050
P59,Trial5,Total,Real,3754
P59,Trial5,Water,AI,425
P59,Trial5,Water,Real,1388
P59,Trial6,Leaves,AI,1100
P59,Trial6,Leaves,Real,1233
P59,Trial6,Seed,AI,767
P59,Trial6,Seed,Real,1663
P59,Trial6,Total,AI,3258
P59,Trial6,Total,Real,4333
P60,Trial1,Pupil,AI,625
P60,Trial1,Pupil,Real,1054
P60,Trial1,Skin,AI,0
P60,Trial1,Skin,Real,0
P60,Trial1,Total,AI,1513
P60,Trial1,Total,Real,2971
P60,Trial2,Hair,AI,1821
P60,Trial2,Hair,Real,2292
P60,Trial2,Outfit,AI,325
P60,Trial2,Outfit,Real,117
P60,Trial2,Total,AI,2146
P60,Trial2,Total,Real,2700
P60,Trial3,Mountain,AI,367
P60,Trial3,Mountain,Real,158
P60,Trial3,River,AI,300
P60,Trial3,River,Real,383
P60,Trial3,Total,AI,892
P60,Trial3,Total,Real,821
P60,Trial4,Topping1,AI,983
P60,Trial4,Topping1,Real,1675
P60,Trial4,Topping2,AI,0
P60,Trial4,Topping2,Real,267
P60,Trial4,Total,AI,2092
P60,Trial4,Total,Real,1675
P60,Trial5,Cloud,AI,217
P60,Trial5,Cloud,Real,504
P60,Trial5,Total,AI,308
P60,Trial5,Total,Real,629
P60,Trial5,Water,AI,92
P60,Trial5,Water,Real,0
P60,Trial6,Leaves,AI,0
P60,Trial6,Leaves,Real,0
P60,Trial6,Seed,AI,463
P60,Trial6,Seed,Real,267
P60,Trial6,Total,AI,575
P60,Trial6,Total,Real,267
P61,Trial1,Pupil,AI,1017
P61,Trial1,Pupil,Real,117
P61,Trial1,Skin,AI,800
P61,Trial1,Skin,Real,342
P61,Trial1,Total,AI,2733
P61,Trial1,Total,Real,933
P61,Trial2,Hair,AI,1633
P61,Trial2,Hair,Real,1033
P61,Trial2,Outfit,AI,125
P61,Trial2,Outfit,Real,0
P61,Trial2,Total,AI,1758
P61,Trial2,Total,Real,2108
P61,Trial3,Mountain,AI,900
P61,Trial3,Mountain,Real,433
P61,Trial3,River,AI,1008
P61,Trial3,River,Real,425
P61,Trial3,Total,AI,2563
P61,Trial3,Total,Real,1779
P61,Trial4,Topping1,AI,583
P61,Trial4,Topping1,Real,0
P61,Trial4,Topping2,AI,988
P61,Trial4,Topping2,Real,1592
P61,Trial4,Total,AI,1858
P61,Trial4,Total,Real,1975
P61,Trial5,Cloud,AI,0
P61,Trial5,Cloud,Real,208
P61,Trial5,Total,AI,654
P61,Trial5,Total,Real,979
P61,Trial5,Water,AI,654
P61,Trial5,Water,Real,771
P61,Trial6,Leaves,AI,450
P61,Trial6,Leaves,Real,0
P61,Trial6,Seed,AI,1017
P61,Trial6,Seed,Real,725
P61,Trial6,Total,AI,1467
P61,Trial6,Total,Real,967
P62,Trial1,Pupil,AI,329
P62,Trial1,Pupil,Real,892
P62,Trial1,Skin,AI,0
P62,Trial1,Skin,Real,0
P62,Trial1,Total,AI,1221
P62,Trial1,Total,Real,1233
P62,Trial2,Hair,AI,229
P62,Trial2,Hair,Real,600
P62,Trial2,Outfit,AI,0
P62,Trial2,Outfit,Real,0
P62,Trial2,Total,AI,879
P62,Trial2,Total,Real,1700
P62,Trial3,Mountain,AI,375
P62,Trial3,Mountain,Real,542
P62,Trial3,River,AI,2050
P62,Trial3,River,Real,750
P62,Trial3,Total,AI,2829
P62,Trial3,Total,Real,1575
P62,Trial4,Topping1,AI,1621
P62,Trial4,Topping1,Real,0
P62,Trial4,Topping2,AI,83
P62,Trial4,Topping2,Real,2483
P62,Trial4,Total,AI,2604
P62,Trial4,Total,Real,3283
P62,Trial5,Cloud,AI,1650
P62,Trial5,Cloud,Real,2917
P62,Trial5,Total,AI,3708
P62,Trial5,Total,Real,5163
P62,Trial5,Water,AI,2058
P62,Trial5,Water,Real,2042
P62,Trial6,Leaves,AI,0
P62,Trial6,Leaves,Real,0
P62,Trial6,Seed,AI,392
P62,Trial6,Seed,Real,113
P62,Trial6,Total,AI,621
P62,Trial6,Total,Real,113
P63,Trial1,Pupil,AI,0
P63,Trial1,Pupil,Real,417
P63,Trial1,Skin,AI,125
P63,Trial1,Skin,Real,0
P63,Trial1,Total,AI,1650
P63,Trial1,Total,Real,1167
P63,Trial2,Hair,AI,225
P63,Trial2,Hair,Real,246
P63,Trial2,Outfit,AI,0
P63,Trial2,Outfit,Real,0
P63,Trial2,Total,AI,350
P63,Trial2,Total,Real,633
P63,Trial3,Mountain,AI,0
P63,Trial3,Mountain,Real,0
P63,Trial3,River,AI,633
P63,Trial3,River,Real,233
P63,Trial3,Total,AI,1054
P63,Trial3,Total,Real,708
P63,Trial4,Topping1,AI,1033
P63,Trial4,Topping1,Real,475
P63,Trial4,Topping2,AI,558
P63,Trial4,Topping2,Real,808
P63,Trial4,Total,AI,1738
P63,Trial4,Total,Real,1283
P63,Trial5,Cloud,AI,1275
P63,Trial5,Cloud,Real,725
P63,Trial5,Total,AI,2800
P63,Trial5,Total,Real,3004
P63,Trial5,Water,AI,1525
P63,Trial5,Water,Real,2279
P63,Trial6,Leaves,AI,1175
P63,Trial6,Leaves,Real,1333
P63,Trial6,Seed,AI,1117
P63,Trial6,Seed,Real,708
P63,Trial6,Total,AI,2683
P63,Trial6,Total,Real,2042
P64,Trial1,Pupil,AI,767
P64,Trial1,Pupil,Real,404
P64,Trial1,Skin,AI,0
P64,Trial1,Skin,Real,0
P64,Trial1,Total,AI,2379
P64,Trial1,Total,Real,1746
P64,Trial2,Hair,AI,1138
P64,Trial2,Hair,Real,1104
P64,Trial2,Outfit,AI,333
P64,Trial2,Outfit,Real,0
P64,Trial2,Total,AI,1471
P64,Trial2,Total,Real,1346
P64,Trial3,Mountain,AI,1600
P64,Trial3,Mountain,Real,2350
P64,Trial3,River,AI,1258
P64,Trial3,River,Real,608
P64,Trial3,Total,AI,3471
P64,Trial3,Total,Real,4267
P64,Trial4,Topping1,AI,2692
P64,Trial4,Topping1,Real,733
P64,Trial4,Topping2,AI,2225
P64,Trial4,Topping2,Real,1704
P64,Trial4,Total,AI,5583
P64,Trial4,Total,Real,3121
P64,Trial5,Cloud,AI,4892
P64,Trial5,Cloud,Real,4800
P64,Trial5,Total,AI,8034
P64,Trial5,Total,Real,9734
P64,Trial5,Water,AI,3392
P64,Trial5,Water,Real,4933
P64,Trial6,Leaves,AI,3017
P64,Trial6,Leaves,Real,2075
P64,Trial6,Seed,AI,2883
P64,Trial6,Seed,Real,3258
P64,Trial6,Total,AI,7884
P64,Trial6,Total,Real,5642
P65,Trial1,Pupil,AI,417
P65,Trial1,Pupil,Real,592
P65,Trial1,Skin,AI,0
P65,Trial1,Skin,Real,0
P65,Trial1,Total,AI,867
P65,Trial1,Total,Real,954
P65,Trial2,Hair,AI,1100
P65,Trial2,Hair,Real,950
P65,Trial2,Outfit,AI,0
P65,Trial2,Outfit,Real,0
P65,Trial2,Total,AI,1100
P65,Trial2,Total,Real,1075
P65,Trial3,Mountain,AI,0
P65,Trial3,Mountain,Real,108
P65,Trial3,River,AI,433
P65,Trial3,River,Real,183
P65,Trial3,Total,AI,650
P65,Trial3,Total,Real,479
P65,Trial4,Topping1,AI,783
P65,Trial4,Topping1,Real,988
P65,Trial4,Topping2,AI,833
P65,Trial4,Topping2,Real,867
P65,Trial4,Total,AI,1967
P65,Trial4,Total,Real,1854
P65,Trial5,Cloud,AI,1258
P65,Trial5,Cloud,Real,1917
P65,Trial5,Total,AI,2300
P65,Trial5,Total,Real,3238
P65,Trial5,Water,AI,1042
P65,Trial5,Water,Real,1321
P65,Trial6,Leaves,AI,733
P65,Trial6,Leaves,Real,417
P65,Trial6,Seed,AI,1063
P65,Trial6,Seed,Real,1467
P65,Trial6,Total,AI,2246
P65,Trial6,Total,Real,2596
P66,Trial1,Pupil,AI,0
P66,Trial1,Pupil,Real,342
P66,Trial1,Skin,AI,808
P66,Trial1,Skin,Real,767
P66,Trial1,Total,AI,2417
P66,Trial1,Total,Real,2888
P66,Trial2,Hair,AI,917
P66,Trial2,Hair,Real,1233
P66,Trial2,Outfit,AI,192
P66,Trial2,Outfit,Real,667
P66,Trial2,Total,AI,3021
P66,Trial2,Total,Real,5042
P66,Trial3,Mountain,AI,1275
P66,Trial3,Mountain,Real,2125
P66,Trial3,River,AI,3883
P66,Trial3,River,Real,1642
P66,Trial3,Total,AI,8238
P66,Trial3,Total,Real,8313
P66,Trial4,Topping1,AI,2246
P66,Trial4,Topping1,Real,1817
P66,Trial4,Topping2,AI,1479
P66,Trial4,Topping2,Real,1250
P66,Trial4,Total,AI,4150
P66,Trial4,Total,Real,3133
P66,Trial5,Cloud,AI,1083
P66,Trial5,Cloud,Real,633
P66,Trial5,Total,AI,2246
P66,Trial5,Total,Real,1483
P66,Trial5,Water,AI,1163
P66,Trial5,Water,Real,850
P66,Trial6,Leaves,AI,108
P66,Trial6,Leaves,Real,167
P66,Trial6,Seed,AI,796
P66,Trial6,Seed,Real,517
P66,Trial6,Total,AI,1046
P66,Trial6,Total,Real,746
P67,Trial1,Pupil,AI,0
P67,Trial1,Pupil,Real,75
P67,Trial1,Skin,AI,108
P67,Trial1,Skin,Real,0
P67,Trial1,Total,AI,1583
P67,Trial1,Total,Real,900
P67,Trial2,Hair,AI,413
P67,Trial2,Hair,Real,396
P67,Trial2,Outfit,AI,0
P67,Trial2,Outfit,Real,0
P67,Trial2,Total,AI,413
P67,Trial2,Total,Real,1071
P67,Trial3,Mountain,AI,0
P67,Trial3,Mountain,Real,0
P67,Trial3,River,AI,333
P67,Trial3,River,Real,104
P67,Trial3,Total,AI,813
P67,Trial3,Total,Real,421
P67,Trial4,Topping1,AI,525
P67,Trial4,Topping1,Real,0
P67,Trial4,Topping2,AI,725
P67,Trial4,Topping2,Real,867
P67,Trial4,Total,AI,1700
P67,Trial4,Total,Real,867
P67,Trial5,Cloud,AI,0
P67,Trial5,Cloud,Real,333
P67,Trial5,Total,AI,529
P67,Trial5,Total,Real,992
P67,Trial5,Water,AI,529
P67,Trial5,Water,Real,658
P67,Trial6,Leaves,AI,67
P67,Trial6,Leaves,Real,0
P67,Trial6,Seed,AI,400
P67,Trial6,Seed,Real,142
P67,Trial6,Total,AI,488
P67,Trial6,Total,Real,142
P68,Trial1,Pupil,AI,292
P68,Trial1,Pupil,Real,296
P68,Trial1,Skin,AI,0
P68,Trial1,Skin,Real,0
P68,Trial1,Total,AI,1067
P68,Trial1,Total,Real,825
P68,Trial2,Hair,AI,433
P68,Trial2,Hair,Real,575
P68,Trial2,Outfit,AI,0
P68,Trial2,Outfit,Real,0
P68,Trial2,Total,AI,433
P68,Trial2,Total,Real,733
P68,Trial3,Mountain,AI,325
P68,Trial3,Mountain,Real,0
P68,Trial3,River,AI,742
P68,Trial3,River,Real,183
P68,Trial3,Total,AI,1400
P68,Trial3,Total,Real,767
P68,Trial4,Topping1,AI,725
P68,Trial4,Topping1,Real,300
P68,Trial4,Topping2,AI,0
P68,Trial4,Topping2,Real,317
P68,Trial4,Total,AI,946
P68,Trial4,Total,Real,617
P68,Trial5,Cloud,AI,400
P68,Trial5,Cloud,Real,400
P68,Trial5,Total,AI,650
P68,Trial5,Total,Real,775
P68,Trial5,Water,AI,500
P68,Trial5,Water,Real,375
P68,Trial6,Leaves,AI,263
P68,Trial6,Leaves,Real,258
P68,Trial6,Seed,AI,0
P68,Trial6,Seed,Real,621
P68,Trial6,Total,AI,638
P68,Trial6,Total,Real,879
P69,Trial1,Pupil,AI,942
P69,Trial1,Pupil,Real,450
P69,Trial1,Skin,AI,183
P69,Trial1,Skin,Real,0
P69,Trial1,Total,AI,2338
P69,Trial1,Total,Real,983
P69,Trial2,Hair,AI,1258
P69,Trial2,Hair,Real,2571
P69,Trial2,Outfit,AI,0
P69,Trial2,Outfit,Real,683
P69,Trial2,Total,AI,2425
P69,Trial2,Total,Real,3888
P69,Trial3,Mountain,AI,983
P69,Trial3,Mountain,Real,1200
P69,Trial3,River,AI,758
P69,Trial3,River,Real,0
P69,Trial3,Total,AI,2492
P69,Trial3,Total,Real,3321
P69,Trial4,Topping1,AI,1000
P69,Trial4,Topping1,Real,1692
P69,Trial4,Topping2,AI,717
P69,Trial4,Topping2,Real,1354
P69,Trial4,Total,AI,2467
P69,Trial4,Total,Real,3421
P69,Trial5,Cloud,AI,400
P69,Trial5,Cloud,Real,408
P69,Trial5,Total,AI,542
P69,Trial5,Total,Real,917
P69,Trial5,Water,AI,142
P69,Trial5,Water,Real,508
P69,Trial6,Leaves,AI,1417
P69,Trial6,Leaves,Real,983
P69,Trial6,Seed,AI,925
P69,Trial6,Seed,Real,1538
P69,Trial6,Total,AI,3533
P69,Trial6,Total,Real,2521
P70,Trial1,Pupil,AI,900
P70,Trial1,Pupil,Real,208
P70,Trial1,Skin,AI,175
P70,Trial1,Skin,Real,0
P70,Trial1,Total,AI,1442
P70,Trial1,Total,Real,1233
P70,Trial2,Hair,AI,2754
P70,Trial2,Hair,Real,2642
P70,Trial2,Outfit,AI,1292
P70,Trial2,Outfit,Real,417
P70,Trial2,Total,AI,4688
P70,Trial2,Total,Real,3300
P70,Trial3,Mountain,AI,300
P70,Trial3,Mountain,Real,1817
P70,Trial3,River,AI,917
P70,Trial3,River,Real,883
P70,Trial3,Total,AI,2408
P70,Trial3,Total,Real,3508
P70,Trial4,Topping1,AI,2479
P70,Trial4,Topping1,Real,1075
P70,Trial4,Topping2,AI,1367
P70,Trial4,Topping2,Real,1558
P70,Trial4,Total,AI,5471
P70,Trial4,Total,Real,3200
P70,Trial5,Cloud,AI,3279
P70,Trial5,Cloud,Real,3617
P70,Trial5,Total,AI,3554
P70,Trial5,Total,Real,4542
P70,Trial5,Water,AI,275
P70,Trial5,Water,Real,925
P70,Trial6,Leaves,AI,417
P70,Trial6,Leaves,Real,367
P70,Trial6,Seed,AI,1204
P70,Trial6,Seed,Real,1175
P70,Trial6,Total,AI,1958
P70,Trial6,Total,Real,1542
P71,Trial1,Pupil,AI,0
P71,Trial1,Pupil,Real,167
P71,Trial1,Skin,AI,0
P71,Trial1,Skin,Real,0
P71,Trial1,Total,AI,342
P71,Trial1,Total,Real,217
P71,Trial2,Hair,AI,575
P71,Trial2,Hair,Real,525
P71,Trial2,Outfit,AI,0
P71,Trial2,Outfit,Real,0
P71,Trial2,Total,AI,733
P71,Trial2,Total,Real,613
P71,Trial3,Mountain,AI,0
P71,Trial3,Mountain,Real,104
P71,Trial3,River,AI,883
P71,Trial3,River,Real,554
P71,Trial3,Total,AI,883
P71,Trial3,Total,Real,800
P71,Trial4,Topping1,AI,1400
P71,Trial4,Topping1,Real,2283
P71,Trial4,Topping2,AI,1492
P71,Trial4,Topping2,Real,1283
P71,Trial4,Total,AI,2892
P71,Trial4,Total,Real,3250
P71,Trial5,Cloud,AI,1483
P71,Trial5,Cloud,Real,1308
P71,Trial5,Total,AI,3125
P71,Trial5,Total,Real,2950
P71,Trial5,Water,AI,1642
P71,Trial5,Water,Real,1642
P71,Trial6,Leaves,AI,217
P71,Trial6,Leaves,Real,383
P71,Trial6,Seed,AI,1917
P71,Trial6,Seed,Real,650
P71,Trial6,Total,AI,2133
P71,Trial6,Total,Real,1033
P72,Trial1,Pupil,AI,883
P72,Trial1,Pupil,Real,642
P72,Trial1,Skin,AI,342
P72,Trial1,Skin,Real,308
P72,Trial1,Total,AI,2942
P72,Trial1,Total,Real,1767
P72,Trial2,Hair,AI,1513
P72,Trial2,Hair,Real,867
P72,Trial2,Outfit,AI,1692
P72,Trial2,Outfit,Real,1517
P72,Trial2,Total,AI,3588
P72,Trial2,Total,Real,3325
P72,Trial3,Mountain,AI,1154
P72,Trial3,Mountain,Real,1233
P72,Trial3,River,AI,354
P72,Trial3,River,Real,1217
P72,Trial3,Total,AI,3383
P72,Trial3,Total,Real,3050
P72,Trial4,Topping1,AI,1083
P72,Trial4,Topping1,Real,725
P72,Trial4,Topping2,AI,867
P72,Trial4,Topping2,Real,625
P72,Trial4,Total,AI,1950
P72,Trial4,Total,Real,1533
P72,Trial5,Cloud,AI,1500
P72,Trial5,Cloud,Real,942
P72,Trial5,Total,AI,2325
P72,Trial5,Total,Real,1621
P72,Trial5,Water,AI,650
P72,Trial5,Water,Real,679
P72,Trial6,Leaves,AI,1858
P72,Trial6,Leaves,Real,1846
P72,Trial6,Seed,AI,1208
P72,Trial6,Seed,Real,692
P72,Trial6,Total,AI,3158
P72,Trial6,Total,Real,2538
P73,Trial1,Pupil,AI,892
P73,Trial1,Pupil,Real,508
P73,Trial1,Skin,AI,408
P73,Trial1,Skin,Real,0
P73,Trial1,Total,AI,2554
P73,Trial1,Total,Real,2650
P73,Trial2,Hair,AI,3879
P73,Trial2,Hair,Real,1175
P73,Trial2,Outfit,AI,0
P73,Trial2,Outfit,Real,808
P73,Trial2,Total,AI,4896
P73,Trial2,Total,Real,4608
P73,Trial3,Mountain,AI,217
P73,Trial3,Mountain,Real,0
P73,Trial3,River,AI,258
P73,Trial3,River,Real,808
P73,Trial3,Total,AI,1117
P73,Trial3,Total,Real,983
P73,Trial4,Topping1,AI,1725
P73,Trial4,Topping1,Real,1642
P73,Trial4,Topping2,AI,992
P73,Trial4,Topping2,Real,567
P73,Trial4,Total,AI,3217
P73,Trial4,Total,Real,2692
P73,Trial5,Cloud,AI,2188
P73,Trial5,Cloud,Real,1908
P73,Trial5,Total,AI,4471
P73,Trial5,Total,Real,3592
P73,Trial5,Water,AI,2283
P73,Trial5,Water,Real,1683
P73,Trial6,Leaves,AI,0
P73,Trial6,Leaves,Real,0
P73,Trial6,Seed,AI,767
P73,Trial6,Seed,Real,208
P73,Trial6,Total,AI,1125
P73,Trial6,Total,Real,308
P74,Trial1,Pupil,AI,3542
P74,Trial1,Pupil,Real,400
P74,Trial1,Skin,AI,0
P74,Trial1,Skin,Real,0
P74,Trial1,Total,AI,5221
P74,Trial1,Total,Real,567
P74,Trial2,Hair,AI,3554
P74,Trial2,Hair,Real,1717
P74,Trial2,Outfit,AI,450
P74,Trial2,Outfit,Real,283
P74,Trial2,Total,AI,4904
P74,Trial2,Total,Real,3013
P74,Trial3,Mountain,AI,0
P74,Trial3,Mountain,Real,133
P74,Trial3,River,AI,0
P74,Trial3,River,Real,283
P74,Trial3,Total,AI,542
P74,Trial3,Total,Real,567
P74,Trial4,Topping1,AI,483
P74,Trial4,Topping1,Real,1142
P74,Trial4,Topping2,AI,0
P74,Trial4,Topping2,Real,362
P74,Trial4,Total,AI,1542
P74,Trial4,Total,Real,1546
P74,Trial5,Cloud,AI,692
P74,Trial5,Cloud,Real,608
P74,Trial5,Total,AI,992
P74,Trial5,Total,Real,1367
P74,Trial5,Water,AI,300
P74,Trial5,Water,Real,758
P74,Trial6,Leaves,AI,167
P74,Trial6,Leaves,Real,342
P74,Trial6,Seed,AI,1763
P74,Trial6,Seed,Real,1400
P74,Trial6,Total,AI,1929
P74,Trial6,Total,Real,1975
P75,Trial1,Pupil,AI,0
P75,Trial1,Pupil,Real,0
P75,Trial1,Skin,AI,375
P75,Trial1,Skin,Real,604
P75,Trial1,Total,AI,2104
P75,Trial1,Total,Real,1513
P75,Trial2,Hair,AI,1550
P75,Trial2,Hair,Real,779
P75,Trial2,Outfit,AI,108
P75,Trial2,Outfit,Real,0
P75,Trial2,Total,AI,2375
P75,Trial2,Total,Real,2933
P75,Trial3,Mountain,AI,75
P75,Trial3,Mountain,Real,225
P75,Trial3,River,AI,617
P75,Trial3,River,Real,554
P75,Trial3,Total,AI,2033
P75,Trial3,Total,Real,996
P75,Trial4,Topping1,AI,850
P75,Trial4,Topping1,Real,5629
P75,Trial4,Topping2,AI,1225
P75,Trial4,Topping2,Real,1583
P75,Trial4,Total,AI,3908
P75,Trial4,Total,Real,7308
P75,Trial5,Cloud,AI,1533
P75,Trial5,Cloud,Real,1925
P75,Trial5,Total,AI,2800
P75,Trial5,Total,Real,4092
P75,Trial5,Water,AI,1358
P75,Trial5,Water,Real,2167
P75,Trial6,Leaves,AI,1075
P75,Trial6,Leaves,Real,542
P75,Trial6,Seed,AI,908
P75,Trial6,Seed,Real,1354
P75,Trial6,Total,AI,2475
P75,Trial6,Total,Real,2054
P76,Trial1,Pupil,AI,963
P76,Trial1,Pupil,Real,1025
P76,Trial1,Skin,AI,0
P76,Trial1,Skin,Real,0
P76,Trial1,Total,AI,1788
P76,Trial1,Total,Real,1600
P76,Trial2,Hair,AI,1083
P76,Trial2,Hair,Real,75
P76,Trial2,Outfit,AI,0
P76,Trial2,Outfit,Real,0
P76,Trial2,Total,AI,1471
P76,Trial2,Total,Real,2267
P76,Trial3,Mountain,AI,450
P76,Trial3,Mountain,Real,1092
P76,Trial3,River,AI,733
P76,Trial3,River,Real,1108
P76,Trial3,Total,AI,1571
P76,Trial3,Total,Real,2292
P76,Trial4,Topping1,AI,1108
P76,Trial4,Topping1,Real,675
P76,Trial4,Topping2,AI,996
P76,Trial4,Topping2,Real,1525
P76,Trial4,Total,AI,2346
P76,Trial4,Total,Real,1775
P76,Trial5,Cloud,AI,1333
P76,Trial5,Cloud,Real,400
P76,Trial5,Total,AI,3617
P76,Trial5,Total,Real,2008
P76,Trial5,Water,AI,2033
P76,Trial5,Water,Real,1608
P76,Trial6,Leaves,AI,0
P76,Trial6,Leaves,Real,0
P76,Trial6,Seed,AI,2367
P76,Trial6,Seed,Real,1575
P76,Trial6,Total,AI,2367
P76,Trial6,Total,Real,2350
P77,Trial1,Pupil,AI,913
P77,Trial1,Pupil,Real,0
P77,Trial1,Skin,AI,0
P77,Trial1,Skin,Real,0
P77,Trial1,Total,AI,1446
P77,Trial1,Total,Real,775
P77,Trial2,Hair,AI,583
P77,Trial2,Hair,Real,529
P77,Trial2,Outfit,AI,0
P77,Trial2,Outfit,Real,133
P77,Trial2,Total,AI,583
P77,Trial2,Total,Real,663
P77,Trial3,Mountain,AI,0
P77,Trial3,Mountain,Real,0
P77,Trial3,River,AI,517
P77,Trial3,River,Real,592
P77,Trial3,Total,AI,792
P77,Trial3,Total,Real,592
P77,Trial4,Topping1,AI,875
P77,Trial4,Topping1,Real,667
P77,Trial4,Topping2,AI,517
P77,Trial4,Topping2,Real,417
P77,Trial4,Total,AI,1950
P77,Trial4,Total,Real,1408
P77,Trial5,Cloud,AI,1200
P77,Trial5,Cloud,Real,975
P77,Trial5,Total,AI,2100
P77,Trial5,Total,Real,2146
P77,Trial5,Water,AI,900
P77,Trial5,Water,Real,1171
P77,Trial6,Leaves,AI,542
P77,Trial6,Leaves,Real,308
P77,Trial6,Seed,AI,358
P77,Trial6,Seed,Real,292
P77,Trial6,Total,AI,1267
P77,Trial6,Total,Real,838
P78,Trial1,Pupil,AI,358
P78,Trial1,Pupil,Real,167
P78,Trial1,Skin,AI,254
P78,Trial1,Skin,Real,0
P78,Trial1,Total,AI,1971
P78,Trial1,Total,Real,958
P78,Trial2,Hair,AI,1483
P78,Trial2,Hair,Real,2096
P78,Trial2,Outfit,AI,0
P78,Trial2,Outfit,Real,325
P78,Trial2,Total,AI,1925
P78,Trial2,Total,Real,2604
P78,Trial3,Mountain,AI,983
P78,Trial3,Mountain,Real,1904
P78,Trial3,River,AI,1367
P78,Trial3,River,Real,875
P78,Trial3,Total,AI,5567
P78,Trial3,Total,Real,4346
P78,Trial4,Topping1,AI,800
P78,Trial4,Topping1,Real,3067
P78,Trial4,Topping2,AI,3242
P78,Trial4,Topping2,Real,2008
P78,Trial4,Total,AI,5633
P78,Trial4,Total,Real,6100
P78,Trial5,Cloud,AI,1125
P78,Trial5,Cloud,Real,1392
P78,Trial5,Total,AI,5600
P78,Trial5,Total,Real,5604
P78,Trial5,Water,AI,4475
P78,Trial5,Water,Real,4213
P78,Trial6,Leaves,AI,2950
P78,Trial6,Leaves,Real,1908
P78,Trial6,Seed,AI,3133
P78,Trial6,Seed,Real,2508
P78,Trial6,Total,AI,7367
P78,Trial6,Total,Real,4767
P79,Trial1,Pupil,AI,900
P79,Trial1,Pupil,Real,1125
P79,Trial1,Skin,AI,492
P79,Trial1,Skin,Real,867
P79,Trial1,Total,AI,4125
P79,Trial1,Total,Real,5017
P79,Trial2,Hair,AI,358
P79,Trial2,Hair,Real,467
P79,Trial2,Outfit,AI,0
P79,Trial2,Outfit,Real,0
P79,Trial2,Total,AI,1633
P79,Trial2,Total,Real,2767
P79,Trial3,Mountain,AI,0
P79,Trial3,Mountain,Real,900
P79,Trial3,River,AI,1133
P79,Trial3,River,Real,1758
P79,Trial3,Total,AI,2133
P79,Trial3,Total,Real,4296
P79,Trial4,Topping1,AI,1533
P79,Trial4,Topping1,Real,667
P79,Trial4,Topping2,AI,167
P79,Trial4,Topping2,Real,1958
P79,Trial4,Total,AI,2483
P79,Trial4,Total,Real,2350
P79,Trial5,Cloud,AI,2829
P79,Trial5,Cloud,Real,1942
P79,Trial5,Total,AI,4538
P79,Trial5,Total,Real,5342
P79,Trial5,Water,AI,1708
P79,Trial5,Water,Real,3283
P79,Trial6,Leaves,AI,75
P79,Trial6,Leaves,Real,208
P79,Trial6,Seed,AI,783
P79,Trial6,Seed,Real,333
P79,Trial6,Total,AI,1017
P79,Trial6,Total,Real,825
P80,Trial1,Pupil,AI,88
P80,Trial1,Pupil,Real,0
P80,Trial1,Skin,AI,100
P80,Trial1,Skin,Real,0
P80,Trial1,Total,AI,2429
P80,Trial1,Total,Real,708
P80,Trial2,Hair,AI,1975
P80,Trial2,Hair,Real,800
P80,Trial2,Outfit,AI,0
P80,Trial2,Outfit,Real,0
P80,Trial2,Total,AI,2558
P80,Trial2,Total,Real,1117
P80,Trial3,Mountain,AI,258
P80,Trial3,Mountain,Real,350
P80,Trial3,River,AI,1258
P80,Trial3,River,Real,754
P80,Trial3,Total,AI,2192
P80,Trial3,Total,Real,2104
P80,Trial4,Topping1,AI,1296
P80,Trial4,Topping1,Real,0
P80,Trial4,Topping2,AI,508
P80,Trial4,Topping2,Real,1633
P80,Trial4,Total,AI,2554
P80,Trial4,Total,Real,2033
P80,Trial5,Cloud,AI,579
P80,Trial5,Cloud,Real,292
P80,Trial5,Total,AI,1013
P80,Trial5,Total,Real,1046
P80,Trial5,Water,AI,363
P80,Trial5,Water,Real,754
P80,Trial6,Leaves,AI,542
P80,Trial6,Leaves,Real,0
P80,Trial6,Seed,AI,1875
P80,Trial6,Seed,Real,1083
P80,Trial6,Total,AI,2492
P80,Trial6,Total,Real,1158
P81,Trial1,Pupil,AI,0
P81,Trial1,Pupil,Real,642
P81,Trial1,Skin,AI,1633
P81,Trial1,Skin,Real,317
P81,Trial1,Total,AI,3063
P81,Trial1,Total,Real,2138
P81,Trial2,Hair,AI,2296
P81,Trial2,Hair,Real,2383
P81,Trial2,Outfit,AI,1883
P81,Trial2,Outfit,Real,2008
P81,Trial2,Total,AI,7225
P81,Trial2,Total,Real,8109
P81,Trial3,Mountain,AI,2233
P81,Trial3,Mountain,Real,3963
P81,Trial3,River,AI,850
P81,Trial3,River,Real,2042
P81,Trial3,Total,AI,7383
P81,Trial3,Total,Real,10396
P81,Trial4,Topping1,AI,1183
P81,Trial4,Topping1,Real,5808
P81,Trial4,Topping2,AI,1675
P81,Trial4,Topping2,Real,2613
P81,Trial4,Total,AI,3483
P81,Trial4,Total,Real,9788
P81,Trial5,Cloud,AI,6092
P81,Trial5,Cloud,Real,2367
P81,Trial5,Total,AI,12950
P81,Trial5,Total,Real,9950
P81,Trial5,Water,AI,7125
P81,Trial5,Water,Real,7584
P81,Trial6,Leaves,AI,3342
P81,Trial6,Leaves,Real,2525
P81,Trial6,Seed,AI,2892
P81,Trial6,Seed,Real,2308
P81,Trial6,Total,AI,6779
P81,Trial6,Total,Real,5433
P82,Trial1,Pupil,AI,1575
P82,Trial1,Pupil,Real,0
P82,Trial1,Skin,AI,0
P82,Trial1,Skin,Real,121
P82,Trial1,Total,AI,1950
P82,Trial1,Total,Real,121
P82,Trial2,Hair,AI,642
P82,Trial2,Hair,Real,1854
P82,Trial2,Outfit,AI,0
P82,Trial2,Outfit,Real,0
P82,Trial2,Total,AI,1554
P82,Trial2,Total,Real,1854
P82,Trial3,Mountain,AI,0
P82,Trial3,Mountain,Real,158
P82,Trial3,River,AI,150
P82,Trial3,River,Real,258
P82,Trial3,Total,AI,1063
P82,Trial3,Total,Real,513
P82,Trial4,Topping1,AI,1583
P82,Trial4,Topping1,Real,1383
P82,Trial4,Topping2,AI,758
P82,Trial4,Topping2,Real,813
P82,Trial4,Total,AI,2342
P82,Trial4,Total,Real,2196
P82,Trial5,Cloud,AI,408
P82,Trial5,Cloud,Real,125
P82,Trial5,Total,AI,854
P82,Trial5,Total,Real,483
P82,Trial5,Water,AI,446
P82,Trial5,Water,Real,358
P82,Trial6,Leaves,AI,308
P82,Trial6,Leaves,Real,304
P82,Trial6,Seed,AI,2083
P82,Trial6,Seed,Real,2271
P82,Trial6,Total,AI,3042
P82,Trial6,Total,Real,3833
P83,Trial1,Pupil,AI,150
P83,Trial1,Pupil,Real,967
P83,Trial1,Skin,AI,0
P83,Trial1,Skin,Real,0
P83,Trial1,Total,AI,625
P83,Trial1,Total,Real,3100
P83,Trial2,Hair,AI,317
P83,Trial2,Hair,Real,458
P83,Trial2,Outfit,AI,0
P83,Trial2,Outfit,Real,83
P83,Trial2,Total,AI,525
P83,Trial2,Total,Real,542
P83,Trial3,Mountain,AI,333
P83,Trial3,Mountain,Real,250
P83,Trial3,River,AI,842
P83,Trial3,River,Real,267
P83,Trial3,Total,AI,1354
P83,Trial3,Total,Real,958
P83,Trial4,Topping1,AI,467
P83,Trial4,Topping1,Real,867
P83,Trial4,Topping2,AI,683
P83,Trial4,Topping2,Real,933
P83,Trial4,Total,AI,1800
P83,Trial4,Total,Real,1358
P83,Trial5,Cloud,AI,0
P83,Trial5,Cloud,Real,0
P83,Trial5,Total,AI,1300
P83,Trial5,Total,Real,1792
P83,Trial5,Water,AI,1300
P83,Trial5,Water,Real,1792
P83,Trial6,Leaves,AI,342
P83,Trial6,Leaves,Real,442
P83,Trial6,Seed,AI,696
P83,Trial6,Seed,Real,383
P83,Trial6,Total,AI,1225
P83,Trial6,Total,Real,942
P84,Trial1,Pupil,AI,333
P84,Trial1,Pupil,Real,1408
P84,Trial1,Skin,AI,350
P84,Trial1,Skin,Real,0
P84,Trial1,Total,AI,1667
P84,Trial1,Total,Real,2479
P84,Trial2,Hair,AI,2108
P84,Trial2,Hair,Real,4279
P84,Trial2,Outfit,AI,0
P84,Trial2,Outfit,Real,0
P84,Trial2,Total,AI,2108
P84,Trial2,Total,Real,4746
P84,Trial3,Mountain,AI,0
P84,Trial3,Mountain,Real,817
P84,Trial3,River,AI,342
P84,Trial3,River,Real,267
P84,Trial3,Total,AI,1346
P84,Trial3,Total,Real,1692
P84,Trial4,Topping1,AI,958
P84,Trial4,Topping1,Real,775
P84,Trial4,Topping2,AI,479
P84,Trial4,Topping2,Real,104
P84,Trial4,Total,AI,1579
P84,Trial4,Total,Real,1104
P84,Trial5,Cloud,AI,2625
P84,Trial5,Cloud,Real,2725
P84,Trial5,Total,AI,6217
P84,Trial5,Total,Real,5450
P84,Trial5,Water,AI,3592
P84,Trial5,Water,Real,2725
P84,Trial6,Leaves,AI,975
P84,Trial6,Leaves,Real,888
P84,Trial6,Seed,AI,358
P84,Trial6,Seed,Real,400
P84,Trial6,Total,AI,1683
P84,Trial6,Total,Real,1288
P85,Trial1,Pupil,AI,517
P85,Trial1,Pupil,Real,1700
P85,Trial1,Skin,AI,0
P85,Trial1,Skin,Real,142
P85,Trial1,Total,AI,2567
P85,Trial1,Total,Real,2838
P85,Trial2,Hair,AI,1792
P85,Trial2,Hair,Real,0
P85,Trial2,Outfit,AI,0
P85,Trial2,Outfit,Real,617
P85,Trial2,Total,AI,2258
P85,Trial2,Total,Real,3696
P85,Trial3,Mountain,AI,750
P85,Trial3,Mountain,Real,717
P85,Trial3,River,AI,1092
P85,Trial3,River,Real,492
P85,Trial3,Total,AI,2550
P85,Trial3,Total,Real,1458
P85,Trial4,Topping1,AI,850
P85,Trial4,Topping1,Real,917
P85,Trial4,Topping2,AI,775
P85,Trial4,Topping2,Real,1646
P85,Trial4,Total,AI,2850
P85,Trial4,Total,Real,2988
P85,Trial5,Cloud,AI,3550
P85,Trial5,Cloud,Real,2808
P85,Trial5,Total,AI,8492
P85,Trial5,Total,Real,7079
P85,Trial5,Water,AI,4942
P85,Trial5,Water,Real,4271
P85,Trial6,Leaves,AI,467
P85,Trial6,Leaves,Real,0
P85,Trial6,Seed,AI,1758
P85,Trial6,Seed,Real,1167
P85,Trial6,Total,AI,2483
P85,Trial6,Total,Real,1167
P86,Trial1,Pupil,AI,967
P86,Trial1,Pupil,Real,1033
P86,Trial1,Skin,AI,1592
P86,Trial1,Skin,Real,471
P86,Trial1,Total,AI,3100
P86,Trial1,Total,Real,1754
P86,Trial2,Hair,AI,3133
P86,Trial2,Hair,Real,3267
P86,Trial2,Outfit,AI,842
P86,Trial2,Outfit,Real,983
P86,Trial2,Total,AI,6117
P86,Trial2,Total,Real,9384
P86,Trial3,Mountain,AI,1458
P86,Trial3,Mountain,Real,1692
P86,Trial3,River,AI,2008
P86,Trial3,River,Real,1538
P86,Trial3,Total,AI,7625
P86,Trial3,Total,Real,5192
P86,Trial4,Topping1,AI,2650
P86,Trial4,Topping1,Real,1942
P86,Trial4,Topping2,AI,2067
P86,Trial4,Topping2,Real,2158
P86,Trial4,Total,AI,7408
P86,Trial4,Total,Real,5625
P86,Trial5,Cloud,AI,4017
P86,Trial5,Cloud,Real,1983
P86,Trial5,Total,AI,6425
P86,Trial5,Total,Real,8392
P86,Trial5,Water,AI,2592
P86,Trial5,Water,Real,6409
P86,Trial6,Leaves,AI,6225
P86,Trial6,Leaves,Real,2483
P86,Trial6,Seed,AI,2908
P86,Trial6,Seed,Real,4075
P86,Trial6,Total,AI,10600
P86,Trial6,Total,Real,7467
P87,Trial1,Pupil,AI,0
P87,Trial1,Pupil,Real,317
P87,Trial1,Skin,AI,200
P87,Trial1,Skin,Real,0
P87,Trial1,Total,AI,983
P87,Trial1,Total,Real,996
P87,Trial2,Hair,AI,2292
P87,Trial2,Hair,Real,1017
P87,Trial2,Outfit,AI,1383
P87,Trial2,Outfit,Real,567
P87,Trial2,Total,AI,5650
P87,Trial2,Total,Real,5192
P87,Trial3,Mountain,AI,1233
P87,Trial3,Mountain,Real,1125
P87,Trial3,River,AI,1308
P87,Trial3,River,Real,467
P87,Trial3,Total,AI,5046
P87,Trial3,Total,Real,3854
P87,Trial4,Topping1,AI,5475
P87,Trial4,Topping1,Real,2350
P87,Trial4,Topping2,AI,2317
P87,Trial4,Topping2,Real,3950
P87,Trial4,Total,AI,9534
P87,Trial4,Total,Real,6833
P87,Trial5,Cloud,AI,1275
P87,Trial5,Cloud,Real,633
P87,Trial5,Total,AI,3208
P87,Trial5,Total,Real,4188
P87,Trial5,Water,AI,1933
P87,Trial5,Water,Real,3554
P87,Trial6,Leaves,AI,458
P87,Trial6,Leaves,Real,300
P87,Trial6,Seed,AI,608
P87,Trial6,Seed,Real,533
P87,Trial6,Total,AI,1067
P87,Trial6,Total,Real,833
